Module,UsersOpened,UsersSucceeded,UsersStillNotPassed,ConversionPct,AttemptsToPass_Min,AttemptsToPass_Avg,AttemptsToPass_Max,TimeToPassHrs_Min,TimeToPassHrs_Avg,TimeToPassHrs_Max,PassScore_Min,PassScore_Avg,PassScore_Max
004order-inquiries,4,1,3,25.0,1.0,1.0,1.0,0.0,0.0,0.0,-1.0,-1.0,-1.0
01-access-sales-order-entry-window,30,26,4,86.66666666666667,1.0,1.0384615384615385,2.0,0.0,0.0,0.0,-1.0,93.66666666666667,100.0
01-create-new-vendor,4,1,3,25.0,1.0,1.0,1.0,0.0,0.0,0.0,100.0,100.0,100.0
01-customer-inquiry-pricing,4,1,3,25.0,1.0,1.0,1.0,0.0,0.0,0.0,100.0,100.0,100.0
01-enter-stock-customer-sales-order,29,24,5,82.75862068965517,1.0,1.0833333333333333,2.0,0.0,0.002777777777777778,0.03333333333333333,-1.0,95.28,100.0
01-log-in-to-sxe,43,28,15,65.11627906976744,1.0,1.0,1.0,0.0,0.0,0.0,-1.0,75.30434782608695,100.0
01-run-sa-operator-security-violations-report,2,0,2,0.0,,,,,,,,,
01-set-up-customer,3,1,2,33.333333333333336,1.0,1.0,1.0,0.0,0.0,0.0,100.0,100.0,100.0
01-set-up-new-product-and-product-line,2,0,2,0.0,,,,,,,,,
01-set-up-report-schedule-type,1,0,1,0.0,,,,,,,,,
01-set-up-vendor,7,2,5,28.571428571428573,1.0,1.0,1.0,0.0,0.0,0.0,95.0,97.5,100.0
01-ship-sales-order-include-addons,3,2,1,66.66666666666667,1.0,1.0,1.0,0.0,0.0,0.0,94.0,97.0,100.0
01add-items-to-stock-customer-sales-order,8,3,5,37.5,1.0,1.0,1.0,0.0,0.0,0.0,-1.0,74.75,100.0
01copy-quote-order-to-a-stock-order,3,1,2,33.333333333333336,1.0,1.0,1.0,0.0,0.0,0.0,95.0,95.0,95.0
01create-a-blanket-order,6,2,4,33.333333333333336,1.0,1.0,1.0,0.0,0.0,0.0,-1.0,49.5,100.0
01create-a-customer-unit,2,0,2,0.0,,,,,,,,,
01create-invoice-process-group-1,6,2,4,33.333333333333336,1.0,1.0,1.0,0.0,0.0,0.0,100.0,100.0,100.0
01create-pma-contract,1,0,1,0.0,,,,,,,,,
01create-purchase-order,8,1,7,12.5,1.0,1.0,1.0,0.0,0.0,0.0,-1.0,-1.0,-1.0
01create-rental-contract,2,0,2,0.0,,,,,,,,,
01customer-setup,3,1,2,33.333333333333336,1.0,1.0,1.0,0.0,0.0,0.0,95.0,95.0,95.0
01enter-an-invoice,8,2,6,25.0,1.0,1.0,1.0,0.0,0.0,0.0,100.0,100.0,100.0
01filter-working-status,7,3,4,42.857142857142854,1.0,1.0,1.0,0.0,0.0,0.0,67.0,95.28571428571429,100.0
01generate-rrar,3,2,1,66.66666666666667,1.0,1.0,1.0,0.0,0.0,0.0,91.0,95.5,100.0
01how-to-use-the-quote-modification,1,0,1,0.0,,,,,,,,,
01ism-incident,8,2,6,25.0,1.0,2.0,3.0,0.0,152.475,304.95,-1.0,59.6,100.0
01manual-entry-of-a-warehouse-transfer,1,0,1,0.0,,,,,,,,,
01order-inquiry,4,0,4,0.0,,,,,,,,,
01perform-lookups-in-customer-sales-order,5,1,4,20.0,1.0,1.0,1.0,0.0,0.0,0.0,100.0,100.0,100.0
01price-correction,2,1,1,50.0,1.0,1.0,1.0,0.0,0.0,0.0,100.0,100.0,100.0
01print-po-expedite-report,2,0,2,0.0,,,,,,,,,
01process-core-as-return-merchandise,3,0,3,0.0,,,,,,,,,
01product-inquiry,4,2,2,50.0,1.0,1.0,1.0,0.0,0.0,0.0,-1.0,-1.0,-1.0
01purchase-order-submit-po-to-vendor,3,1,2,33.333333333333336,1.0,1.0,1.0,0.0,0.0,0.0,88.0,94.0,100.0
01release-credit-hold,1,0,1,0.0,,,,,,,,,
01review-the-shopping-list,4,1,3,25.0,1.0,1.0,1.0,0.0,0.0,0.0,97.0,97.0,97.0
01run-arro-ar-open-activity-report,2,1,1,50.0,1.0,1.0,1.0,0.0,0.0,0.0,95.0,97.5,100.0
01ship-sales-order-include-addons,7,2,5,28.571428571428573,1.0,1.0,1.0,0.0,0.0,0.0,-1.0,-1.0,-1.0
01travel-to-site,3,1,2,33.333333333333336,1.0,1.0,1.0,0.0,0.0,0.0,100.0,100.0,100.0
01view-consolidation-info-in-demand-center,2,1,1,50.0,1.0,1.0,1.0,0.0,0.0,0.0,100.0,100.0,100.0
01wire-order-placement,3,0,3,0.0,,,,,,,,,
02-add-items-to-stock-customer-sales-order,26,21,5,80.76923076923077,1.0,1.0,1.0,0.0,0.0,0.0,-1.0,94.04545454545455,100.0
02-assign-serial-numbers-to-orders-during-shipping,4,2,2,50.0,1.0,1.0,1.0,0.0,0.0,0.0,100.0,100.0,100.0
02-change-layout-and-appearance-of-grid,30,25,5,83.33333333333333,1.0,1.04,2.0,0.0,0.0,0.0,81.0,95.52,100.0
02-company-setup-in-gl,2,1,1,50.0,1.0,1.0,1.0,0.0,0.0,0.0,100.0,100.0,100.0
02-create-po,2,0,2,0.0,,,,,,,,,
02-enter-stock-customer-sales-order,37,30,7,81.08108108108108,1.0,1.1333333333333333,4.0,0.0,1.6288888888888888,48.71666666666667,-1.0,89.3030303030303,100.0
02-report-scheduler-startup-shutdown-function,1,0,1,0.0,,,,,,,,,
02-review-operator-record,1,0,1,0.0,,,,,,,,,
02-set-up-a-customer-record,5,1,4,20.0,1.0,1.0,1.0,0.0,0.0,0.0,100.0,100.0,100.0
02-set-up-ship-to-address,3,1,2,33.333333333333336,1.0,1.0,1.0,0.0,0.0,0.0,100.0,100.0,100.0
02-set-up-vendor-ship-from,5,2,3,40.0,1.0,1.0,1.0,0.0,0.0,0.0,100.0,100.0,100.0
02add-a-warranty-to-a-unit-1,1,0,1,0.0,,,,,,,,,
02add-items-1,2,1,1,50.0,1.0,1.0,1.0,0.0,0.0,0.0,-1.0,-1.0,-1.0
02add-items-to-po-and-finish-it,3,1,2,33.333333333333336,1.0,1.0,1.0,0.0,0.0,0.0,83.0,83.0,83.0
02add-rental-items,2,0,2,0.0,,,,,,,,,
02adjust-line-items,6,3,3,50.0,1.0,1.0,1.0,0.0,0.0,0.0,-1.0,79.8,100.0
02approving-a-warehouse-transfer-that-is-on-hold,1,0,1,0.0,,,,,,,,,
02copy-customer-sales-order,3,1,2,33.333333333333336,1.0,1.0,1.0,0.0,0.0,0.0,100.0,100.0,100.0
02csd-incident,8,1,7,12.5,1.0,1.0,1.0,0.0,0.0,0.0,100.0,100.0,100.0
02customer-inquiry-with-past-due-invoices-large-dollar-amount-balance,3,0,3,0.0,,,,,,,,,
02determining-extra-stock-to-order,1,0,1,0.0,,,,,,,,,
02enter-a-credit-memo,3,0,3,0.0,,,,,,,,,
02enter-a-quote-order-1,17,8,9,47.05882352941177,1.0,1.125,2.0,0.0,0.04375,0.35,-1.0,70.375,100.0
02merge-posprint-posgenerate-exception-report,2,2,0,100.0,1.0,1.0,1.0,0.0,0.0,0.0,91.0,93.5,96.0
02partners-schedule-set-up,1,0,1,0.0,,,,,,,,,
02perform-site-work,1,0,1,0.0,,,,,,,,,
02print-inventory-turnover-report,1,0,1,0.0,,,,,,,,,
02print-pick-ticket,1,0,1,0.0,,,,,,,,,
02purchase-order-maintain-po,2,1,1,50.0,1.0,1.0,1.0,0.0,0.0,0.0,100.0,100.0,100.0
02review-taxes-totals-payments-for-stock-customer-sales-order,5,2,3,40.0,1.0,1.0,1.0,0.0,0.0,0.0,100.0,100.0,100.0
02run-either-the-ic-entry-cycle-count-report-or-the-ic-entry-physical-count-report,4,2,2,50.0,1.0,1.0,1.0,0.0,0.0,0.0,-1.0,-1.0,-1.0
02ship-to-setup,2,1,1,50.0,1.0,1.0,1.0,0.0,0.0,0.0,94.0,94.0,94.0
02use-order-inquiry-to-search-orders,4,0,4,0.0,,,,,,,,,
02verify-customer-eligibility,6,2,4,33.333333333333336,1.0,1.0,1.0,0.0,0.0,0.0,100.0,100.0,100.0
02view-rrar-records,2,1,1,50.0,1.0,1.0,1.0,0.0,0.0,0.0,100.0,100.0,100.0
03-add-items-to-po-and-finish-it,2,0,2,0.0,,,,,,,,,
03-create-and-verify-a-pricing-record,3,2,1,66.66666666666667,1.0,1.0,1.0,0.0,0.0,0.0,100.0,100.0,100.0
03-create-inventory-item-in-single-wh,1,0,1,0.0,,,,,,,,,
03-create-invoice-process-group,5,4,1,80.0,1.0,1.0,1.0,0.0,0.0,0.0,-1.0,74.75,100.0
03-create-report-scheduler-queue,1,0,1,0.0,,,,,,,,,
03-enter-an-invoice,4,1,3,25.0,1.0,1.0,1.0,0.0,0.0,0.0,100.0,100.0,100.0
03-global-search,29,24,5,82.75862068965517,1.0,1.0,1.0,0.0,0.0,0.0,91.0,99.625,100.0
03-review-admin-options-in-gl,3,1,2,33.333333333333336,1.0,1.0,1.0,0.0,0.0,0.0,100.0,100.0,100.0
03-review-r-and-d-operator-record,2,0,2,0.0,,,,,,,,,
03-review-the-shopping-list,26,22,4,84.61538461538461,1.0,1.0909090909090908,2.0,0.0,0.0606060606060606,1.3333333333333333,81.0,97.73913043478261,100.0
03-unship-an-order,3,2,1,66.66666666666667,1.0,1.0,1.0,0.0,0.0,0.0,-1.0,49.5,100.0
03-use-order-inquiry-for-sales-orders,33,28,5,84.84848484848484,1.0,1.0,1.0,0.0,0.0,0.0,-1.0,94.63333333333334,100.0
035perform-lookups-in-a-po,3,1,2,33.333333333333336,1.0,1.0,1.0,0.0,0.0,0.0,100.0,100.0,100.0
03acknowledge-purchase-order,3,1,2,33.333333333333336,1.0,1.0,1.0,0.0,0.0,0.0,92.0,92.0,92.0
03blanket-pos,1,0,1,0.0,,,,,,,,,
03change-working-status,4,1,3,25.0,1.0,1.0,1.0,0.0,0.0,0.0,100.0,100.0,100.0
03enter-a-direct-order-1,14,7,7,50.0,1.0,1.0,1.0,0.0,0.0,0.0,-1.0,72.75,100.0
03enter-stock-sales-order-and-change-line-items,7,3,4,42.857142857142854,1.0,1.0,1.0,0.0,0.0,0.0,-1.0,65.66666666666667,100.0
03establish-job-entry,3,2,1,66.66666666666667,1.0,1.0,1.0,0.0,0.0,0.0,93.0,97.66666666666667,100.0
03generate-ic-admin-review-cycle-adjustment-report,2,0,2,0.0,,,,,,,,,
03incident-to-sro,6,1,5,16.666666666666668,1.0,1.0,1.0,0.0,0.0,0.0,100.0,100.0,100.0
03initiate-vendor-return,1,0,1,0.0,,,,,,,,,
03inquire-on-vendor-info,4,2,2,50.0,1.0,1.0,1.0,0.0,0.0,0.0,100.0,100.0,100.0
03print-count-sheets,3,1,2,33.333333333333336,1.0,1.0,1.0,0.0,0.0,0.0,-1.0,-1.0,-1.0
03print-fill-report-by-class-report,1,0,1,0.0,,,,,,,,,
03print-rental-agreement,3,0,3,0.0,,,,,,,,,
03purchase-order-apply-add-ons-and-discounts,2,0,2,0.0,,,,,,,,,
03review-and-modify-rrar-record,1,1,0,100.0,2.0,2.0,2.0,0.06666666666666667,0.06666666666666667,0.06666666666666667,84.0,90.5,97.0
03run-customer-statement-ares,2,1,1,50.0,1.0,1.0,1.0,0.0,0.0,0.0,100.0,100.0,100.0
03run-the-aging-report,1,0,1,0.0,,,,,,,,,
03short-pay-with-sales-tax-1,2,1,1,50.0,1.0,1.0,1.0,0.0,0.0,0.0,91.0,91.0,91.0
03use-order-inquiry-to-search-for-orders,6,2,4,33.333333333333336,1.0,1.0,1.0,0.0,0.0,0.0,95.0,97.5,100.0
04-adjust-line-items,25,22,3,88.0,1.0,1.0909090909090908,2.0,0.0,5.242424242424242,115.33333333333333,80.0,97.81818181818181,100.0
04-advanced-search-techniques,30,26,4,86.66666666666667,1.0,1.0,1.0,0.0,0.0,0.0,88.0,99.53846153846153,100.0
04-copy-inventory-item-to-single-wh,2,0,2,0.0,,,,,,,,,
04-create-pricing-record-using-quantity-break,4,1,3,25.0,1.0,1.0,1.0,0.0,0.0,0.0,100.0,100.0,100.0
04-create-report-scheduler-job-group,1,0,1,0.0,,,,,,,,,
04-enter-a-credit-memo,3,1,2,33.333333333333336,1.0,1.0,1.0,0.0,0.0,0.0,100.0,100.0,100.0
04-enter-and-process-expense-invoice,3,3,0,100.0,1.0,1.0,1.0,0.0,0.0,0.0,-1.0,72.5,97.0
04-grant-authority-to-an-operator,2,0,2,0.0,,,,,,,,,
04-perform-lookups-in-a-po,1,0,1,0.0,,,,,,,,,
04-print-customer-order-pick-ticket,32,28,4,87.5,1.0,1.0714285714285714,2.0,0.0,0.016666666666666666,0.43333333333333335,-1.0,91.4,100.0
04-set-up-accounts,2,2,0,100.0,1.0,1.5,2.0,0.0,7.808333333333334,15.616666666666667,-1.0,43.5,88.0
04-ship-warehouse-transfer,3,2,1,66.66666666666667,1.0,1.0,1.0,0.0,0.0,0.0,100.0,100.0,100.0
045create-warehouse-transfer,3,1,2,33.333333333333336,1.0,1.0,1.0,0.0,0.0,0.0,89.0,89.0,89.0
04accumulative-pos,2,0,2,0.0,,,,,,,,,
04add-comments-notes-to-customer-sales-order,6,2,4,33.333333333333336,1.0,1.0,1.0,0.0,0.0,0.0,-1.0,49.5,100.0
04add-re-rent-items,3,1,2,33.333333333333336,1.0,1.0,1.0,0.0,0.0,0.0,-1.0,-1.0,-1.0
04arrt-run-trial-balance-report,3,1,2,33.333333333333336,1.0,1.0,1.0,0.0,0.0,0.0,92.0,92.0,92.0
04bill-contract,3,0,3,0.0,,,,,,,,,
04change-operations,2,1,1,50.0,1.0,1.0,1.0,0.0,0.0,0.0,100.0,100.0,100.0
04change-operations-1,1,0,1,0.0,,,,,,,,,
04change-vendor-invoice---due-date-discount-rate-1,3,2,1,66.66666666666667,1.0,1.0,1.0,0.0,0.0,0.0,100.0,100.0,100.0
04create-a-release,1,0,1,0.0,,,,,,,,,
04create-a-start-up-incident,1,0,1,0.0,,,,,,,,,
04enter-a-customer-sales-order-and-record-tender-payments-1,4,0,4,0.0,,,,,,,,,
04enter-the-count-into-csd-using-count-entry-function,3,1,2,33.333333333333336,1.0,1.0,1.0,0.0,0.0,0.0,-1.0,-1.0,-1.0
04finish-the-purchase-order,3,1,2,33.333333333333336,1.0,1.0,1.0,0.0,0.0,0.0,-1.0,40.0,81.0
04generate-ic-admin-inventory-classification-and-rank-report,1,0,1,0.0,,,,,,,,,
04maintaining-a-warehouse-tranfer,1,0,1,0.0,,,,,,,,,
04perform-a-credit-review-on-a-customer-account,1,1,0,100.0,1.0,1.0,1.0,0.0,0.0,0.0,100.0,100.0,100.0
04print-gap-report,2,0,2,0.0,,,,,,,,,
04quick-create-sro-1,1,0,1,0.0,,,,,,,,,
04returned-check,2,0,2,0.0,,,,,,,,,
04review-line-item-details,2,1,1,50.0,1.0,1.0,1.0,0.0,0.0,0.0,100.0,100.0,100.0
04view-job-in-bidding-calendar,3,2,1,66.66666666666667,1.0,1.0,1.0,0.0,0.0,0.0,100.0,100.0,100.0
04view-units-of-measure,3,1,2,33.333333333333336,1.0,1.0,1.0,0.0,0.0,0.0,100.0,100.0,100.0
05-account-inquiry-and-report,2,1,1,50.0,1.0,1.0,1.0,0.0,0.0,0.0,100.0,100.0,100.0
05-apply-payment-with-debit-memo,2,1,1,50.0,1.0,1.0,1.0,0.0,0.0,0.0,100.0,100.0,100.0
05-assign-serial-numbers-to-transfer-during-shipping,3,2,1,66.66666666666667,1.0,1.0,1.0,0.0,0.0,0.0,100.0,100.0,100.0
05-copy-pricing-record-to-new-customer,2,1,1,50.0,1.0,1.0,1.0,0.0,0.0,0.0,100.0,100.0,100.0
05-create-warehouse-transfer,1,0,1,0.0,,,,,,,,,
05-inquire-on-vendor-info,4,3,1,75.0,1.0,1.0,1.0,0.0,0.0,0.0,91.0,94.0,100.0
05-lookups-and-search-features,29,25,4,86.20689655172414,1.0,1.08,2.0,0.0,0.0,0.0,81.0,95.34615384615384,100.0
05-move-non-stock-item-to-stock-item,1,0,1,0.0,,,,,,,,,
05-review-taxes-totals-payments-for-stock-customer-sales-order,23,21,2,91.30434782608695,1.0,1.0952380952380953,3.0,0.0,3.7095238095238097,77.9,93.0,99.68181818181819,100.0
05-ship-sales-order,32,26,6,81.25,1.0,1.1153846153846154,2.0,0.0,0.5705128205128205,14.516666666666667,-1.0,94.88888888888889,100.0
05add-bidder-details-to-project-entry,3,1,2,33.333333333333336,1.0,1.0,1.0,0.0,0.0,0.0,-1.0,-1.0,-1.0
05add-special-order-product-to-sales-order,4,2,2,50.0,1.0,1.0,1.0,0.0,0.0,0.0,-1.0,70.75,100.0
05add-sro-lines,3,0,3,0.0,,,,,,,,,
05add-start-up-notes,1,0,1,0.0,,,,,,,,,
05apply-payment-to-invoice,3,2,1,66.66666666666667,1.0,1.0,1.0,0.0,0.0,0.0,94.0,97.0,100.0
05arrp-period-analysis-report,3,1,2,33.333333333333336,1.0,1.0,1.0,0.0,0.0,0.0,100.0,100.0,100.0
05locate-po-using-po-inquiry,2,1,1,50.0,1.0,1.0,1.0,0.0,0.0,0.0,87.0,87.0,87.0
05manually-apply-hold-and-approve-held-order,4,1,3,25.0,1.0,1.0,1.0,0.0,0.0,0.0,100.0,100.0,100.0
05notes-on-a-warehouse-transfer,1,0,1,0.0,,,,,,,,,
05perform-shipping-feedback-to-ship-order,4,2,2,50.0,1.0,1.0,1.0,0.0,0.0,0.0,-1.0,42.5,86.0
05print-surplus-stock-report,1,0,1,0.0,,,,,,,,,
05returning-a-core-product,1,0,1,0.0,,,,,,,,,
05run-oeepc,1,0,1,0.0,,,,,,,,,
05run-the-reconciliation-report,3,1,2,33.333333333333336,1.0,1.0,1.0,0.0,0.0,0.0,-1.0,-1.0,-1.0
05set-up-split-payment-for-invoice-in-entered-stage,4,2,2,50.0,1.0,1.0,1.0,0.0,0.0,0.0,81.0,93.66666666666667,100.0
05update-or-validate-quantities-needed,1,0,1,0.0,,,,,,,,,
06-add-gl-accounts-to-vendor,2,1,1,50.0,1.0,1.0,1.0,0.0,0.0,0.0,100.0,100.0,100.0
06-add-note-using-notes-context-app,31,26,5,83.87096774193549,1.0,1.0384615384615385,2.0,0.0,0.000641025641025641,0.016666666666666666,-1.0,93.8076923076923,100.0
06-change-vendor-invoice---due-date-discount-rate,3,3,0,100.0,1.0,1.0,1.0,0.0,0.0,0.0,100.0,100.0,100.0
06-create-price-record-set,2,1,1,50.0,1.0,1.0,1.0,0.0,0.0,0.0,100.0,100.0,100.0
06-inquire-on-a-product,2,0,2,0.0,,,,,,,,,
06-invoice-sales-order,31,27,4,87.09677419354838,1.0,1.037037037037037,2.0,0.0,0.0030864197530864196,0.08333333333333333,-1.0,86.82142857142857,100.0
06-locate-po-using-po-inquiry,2,0,2,0.0,,,,,,,,,
06-perform-lookups-in-customer-sales-order,23,20,3,86.95652173913044,1.0,1.15,3.0,0.0,11.908333333333333,238.13333333333333,84.0,96.8,100.0
06-print-pre-receiving-report,3,2,1,66.66666666666667,1.0,1.0,1.0,0.0,0.0,0.0,96.0,98.0,100.0
06-reverse-a-transaction,4,1,3,25.0,1.0,1.0,1.0,0.0,0.0,0.0,100.0,100.0,100.0
06accept-replenishments,2,1,1,50.0,1.0,1.0,1.0,0.0,0.0,0.0,100.0,100.0,100.0
06add-line,1,0,1,0.0,,,,,,,,,
06add-operations-1,3,0,3,0.0,,,,,,,,,
06add-vendor-details-to-project-entry,2,1,1,50.0,1.0,1.0,1.0,0.0,0.0,0.0,100.0,100.0,100.0
06apply-payment-to-multiple-invoices,3,2,1,66.66666666666667,1.0,1.0,1.0,0.0,0.0,0.0,94.0,98.0,100.0
06canceling-a-warehouse-transfer,1,0,1,0.0,,,,,,,,,
06change-payment-to-split-payment-schedule,3,1,2,33.333333333333336,1.0,1.0,1.0,0.0,0.0,0.0,100.0,100.0,100.0
06change-po,2,1,1,50.0,1.0,1.0,1.0,0.0,0.0,0.0,100.0,100.0,100.0
06create-a-warranty-code,2,0,2,0.0,,,,,,,,,
06enter-a-non-stock-product-on-an-order,6,1,5,16.666666666666668,1.0,1.0,1.0,0.0,0.0,0.0,100.0,100.0,100.0
06ism-invoice,1,0,1,0.0,,,,,,,,,
06print-re-rent-po,1,0,1,0.0,,,,,,,,,
06returning-an-acknowledged-po-to-the-printed-stage,1,0,1,0.0,,,,,,,,,
06review-exception-processing-center-screen,1,0,1,0.0,,,,,,,,,
06run-ar-year-end-processing-report,2,1,1,50.0,1.0,1.0,1.0,0.0,0.0,0.0,88.0,88.0,88.0
06suspend-an-order,6,2,4,33.333333333333336,1.0,1.0,1.0,0.0,0.0,0.0,100.0,100.0,100.0
07-apply-customer-payment-to-invoice,30,23,7,76.66666666666667,1.0,1.0,1.0,0.0,0.0,0.0,-1.0,82.24,100.0
07-apply-payment-to-invoice,2,1,1,50.0,1.0,1.0,1.0,0.0,0.0,0.0,100.0,100.0,100.0
07-change-po,1,0,1,0.0,,,,,,,,,
07-enter-quote-order,25,22,3,88.0,1.0,1.0909090909090908,3.0,0.0,0.0007575757575757576,0.016666666666666666,91.0,98.86363636363636,100.0
07-inquire-on-product-availability,1,1,0,100.0,1.0,1.0,1.0,0.0,0.0,0.0,-1.0,-1.0,-1.0
07-load-price-set-to-pd-mass-maintenance,1,0,1,0.0,,,,,,,,,
07-open-help-context-app,31,28,3,90.3225806451613,1.0,1.0714285714285714,2.0,0.0,0.5755952380952382,16.033333333333335,-1.0,88.9,100.0
07-receive-po,3,2,1,66.66666666666667,1.0,1.0,1.0,0.0,0.0,0.0,100.0,100.0,100.0
07-set-up-bank-and-add-to-vendor,1,1,0,100.0,1.0,1.0,1.0,0.0,0.0,0.0,100.0,100.0,100.0
07-set-up-split-payment-for-invoice-in-entered-stage,4,3,1,75.0,1.0,1.0,1.0,0.0,0.0,0.0,100.0,100.0,100.0
07add-planned-transactions,2,0,2,0.0,,,,,,,,,
07adjust-rarr-quantities-using-increase-decrease-function-in-po-demand-center,2,2,0,100.0,1.0,1.0,1.0,0.0,0.0,0.0,96.0,97.33333333333333,100.0
07apply-payment-to-oldest-invoice,3,1,2,33.333333333333336,1.0,1.0,1.0,0.0,0.0,0.0,100.0,100.0,100.0
07copy-po,1,0,1,0.0,,,,,,,,,
07edit-entered-counts,4,1,3,25.0,1.0,1.0,1.0,0.0,0.0,0.0,-1.0,-1.0,-1.0
07mark-accepted,1,0,1,0.0,,,,,,,,,
07perform-a-reversal,4,2,2,50.0,1.0,1.0,1.0,0.0,0.0,0.0,95.0,98.33333333333333,100.0
07receive-re-rent-po,1,0,1,0.0,,,,,,,,,
07run-wt-entry-recommended-replenishment-action-report,3,1,2,33.333333333333336,1.0,1.0,1.0,0.0,0.0,0.0,-1.0,-1.0,-1.0
07tying-a-po-rm-to-a-sales-order-line,1,0,1,0.0,,,,,,,,,
07tying-a-warehouse-transfer-to-a-customer-order,1,0,1,0.0,,,,,,,,,
08-apply-payment-to-multiple-invoices,1,1,0,100.0,1.0,1.0,1.0,0.0,0.0,0.0,100.0,100.0,100.0
08-change-payment-to-split-payment-schedule,3,3,0,100.0,1.0,1.0,1.0,0.0,0.0,0.0,100.0,100.0,100.0
08-copy-po,2,0,2,0.0,,,,,,,,,
08-copy-quote-order-to-a-stock-order,25,22,3,88.0,1.0,1.0454545454545454,2.0,0.0,0.0,0.0,90.0,98.63636363636364,100.0
08-create-a-po,32,26,6,81.25,1.0,1.0384615384615385,2.0,0.0,0.001282051282051282,0.03333333333333333,-1.0,95.03703703703704,100.0
08-enter-real-time-journal,2,1,1,50.0,1.0,1.0,1.0,0.0,0.0,0.0,100.0,100.0,100.0
08-export-pricing-data-to-excel,5,0,5,0.0,,,,,,,,,
08-print-a-report,28,23,5,82.14285714285714,1.0,1.0869565217391304,2.0,0.0,1.777536231884058,40.86666666666667,83.0,96.65217391304348,100.0
08-print-count-sheets,2,0,2,0.0,,,,,,,,,
08-short-receive-po,4,2,2,50.0,1.0,1.0,1.0,0.0,0.0,0.0,94.0,97.0,100.0
08add-a-non-stock,1,0,1,0.0,,,,,,,,,
08check-out-rental,1,0,1,0.0,,,,,,,,,
08correcting-an-over-under-receipt,1,0,1,0.0,,,,,,,,,
08create-quote-po-with-notes-and-comments,1,0,1,0.0,,,,,,,,,
08enter-a-credit-memo-1,3,1,2,33.333333333333336,1.0,1.0,1.0,0.0,0.0,0.0,100.0,100.0,100.0
08make-a-product-serialized,1,0,1,0.0,,,,,,,,,
08mark-reconciled,1,0,1,0.0,,,,,,,,,
08process-short-payment,3,1,2,33.333333333333336,1.0,1.0,1.0,0.0,0.0,0.0,100.0,100.0,100.0
08register-unit,1,0,1,0.0,,,,,,,,,
08run-physical-count-sheet,2,1,1,50.0,1.0,1.0,1.0,0.0,0.0,0.0,-1.0,-1.0,-1.0
09-add-product-to-po-at-receiving,4,2,2,50.0,1.0,1.0,1.0,0.0,0.0,0.0,95.0,97.5,100.0
09-apply-payment-to-oldest-invoice,1,1,0,100.0,1.0,1.0,1.0,0.0,0.0,0.0,100.0,100.0,100.0
09-enter-a-direct-order,24,21,3,87.5,1.0,1.1428571428571428,3.0,0.0,6.965873015873016,146.28333333333333,89.0,96.45454545454545,100.0
09-enter-counts,1,0,1,0.0,,,,,,,,,
09-import-pricing-data-from-excel,2,0,2,0.0,,,,,,,,,
09-perform-a-reversal,4,3,1,75.0,1.0,1.0,1.0,0.0,0.0,0.0,100.0,100.0,100.0
09-personalize-advanced-line-entry-view-in-order-entry,29,24,5,82.75862068965517,1.0,1.125,2.0,0.0,0.02013888888888889,0.43333333333333335,86.0,95.875,100.0
09-print-a-po,30,25,5,83.33333333333333,1.0,1.04,2.0,0.0,0.0,0.0,89.0,98.84,100.0
09-set-up-batch,2,1,1,50.0,1.0,1.0,1.0,0.0,0.0,0.0,100.0,100.0,100.0
093run-results-report-in-icepw,2,1,1,50.0,1.0,1.0,1.0,0.0,0.0,0.0,-1.0,-1.0,-1.0
09apply-short-payment-with-write-off,1,1,0,100.0,1.0,1.0,1.0,0.0,0.0,0.0,96.0,96.0,96.0
09check-in-rental,1,0,1,0.0,,,,,,,,,
09consolidate-multiple-rrars-for-different-vendor-product-lines-or-warehouses,3,2,1,66.66666666666667,1.0,1.0,1.0,0.0,0.0,0.0,98.0,99.0,100.0
09correcting-a-wrong-product-receipt,2,0,2,0.0,,,,,,,,,
09enter-a-misc-credit-1,4,1,3,25.0,1.0,1.0,1.0,0.0,0.0,0.0,93.0,93.0,93.0
09order-inquiry-using-a-serial-number,2,0,2,0.0,,,,,,,,,
09print-po,1,0,1,0.0,,,,,,,,,
10-copy-pricing-record-to-new-customer,1,0,1,0.0,,,,,,,,,
10-enter-a-batch-journal,2,1,1,50.0,1.0,1.0,1.0,0.0,0.0,0.0,100.0,100.0,100.0
10-enter-a-credit-memo,4,3,1,75.0,1.0,1.0,1.0,0.0,0.0,0.0,94.0,98.0,100.0
10-enter-counter-sales-order-and-record-tender-payments,25,23,2,92.0,1.0,1.0434782608695652,2.0,0.0,0.0007246376811594203,0.016666666666666666,80.0,97.47826086956522,100.0
10-log-out-of-infor-distribution-sxe-and-infor-mingle,30,26,4,86.66666666666667,1.0,1.0384615384615385,2.0,0.0,0.0019230769230769232,0.05,-1.0,95.1923076923077,100.0
10-print-po,1,0,1,0.0,,,,,,,,,
10-process-short-payment,2,1,1,50.0,1.0,1.0,1.0,0.0,0.0,0.0,100.0,100.0,100.0
10-receive-a-po,30,25,5,83.33333333333333,1.0,1.08,2.0,0.0,0.002,0.03333333333333333,90.0,98.4,100.0
10-receive-serialized-product,4,3,1,75.0,1.0,1.0,1.0,0.0,0.0,0.0,97.0,98.0,100.0
10apply-hold-and-approve-held-po-1,1,0,1,0.0,,,,,,,,,
10apply-payment-with-unearned-discount,4,1,3,25.0,1.0,1.0,1.0,0.0,0.0,0.0,100.0,100.0,100.0
10close-rental,1,0,1,0.0,,,,,,,,,
10correcting-a-wrong-cost-receipt,1,0,1,0.0,,,,,,,,,
10enter-a-debit-memo,4,1,3,25.0,1.0,1.0,1.0,0.0,0.0,0.0,96.0,96.0,96.0
10receive-the-non-stock,3,0,3,0.0,,,,,,,,,
11-apply-short-payment-with-write-off,2,1,1,50.0,1.0,1.0,1.0,0.0,0.0,0.0,100.0,100.0,100.0
11-cost-po-to-vendor-invoice,28,22,6,78.57142857142857,1.0,1.0909090909090908,2.0,0.0,0.0015151515151515152,0.03333333333333333,83.0,97.31818181818181,100.0
11-enter-a-misc-credit,3,3,0,100.0,1.0,1.0,1.0,0.0,0.0,0.0,95.0,98.33333333333333,100.0
11-manually-apply-hold-and-approve-held-po,1,0,1,0.0,,,,,,,,,
11-process-and-update-batch-journal,2,1,1,50.0,1.0,1.0,1.0,0.0,0.0,0.0,100.0,100.0,100.0
11-receive-corrections,5,3,2,60.0,1.0,1.0,1.0,0.0,0.0,0.0,93.0,95.0,99.0
11-run-expired-pricing-records-report,2,0,2,0.0,,,,,,,,,
11-use-order-inquiry-to-search-for-orders,27,24,3,88.88888888888889,1.0,1.1666666666666667,2.0,0.0,0.7270833333333334,17.183333333333334,82.0,94.95833333333333,100.0
11adjust-inventory-to-unavailable,2,1,1,50.0,1.0,1.0,1.0,0.0,0.0,0.0,-1.0,-1.0,-1.0
11apply-payment-using-split-check,2,1,1,50.0,1.0,1.0,1.0,0.0,0.0,0.0,92.0,92.0,92.0
11cancel-po,1,0,1,0.0,,,,,,,,,
11change-billing-details,1,0,1,0.0,,,,,,,,,
11merge-posprint-posgenrerate-exception-report,3,1,2,33.333333333333336,2.0,2.0,2.0,1508.0,1508.0,1508.0,81.0,81.0,81.0
11schedule-service,2,0,2,0.0,,,,,,,,,
12-apply-payment-with-unearned-discount,2,2,0,100.0,1.0,1.0,1.0,0.0,0.0,0.0,100.0,100.0,100.0
12-cancel-po,1,0,1,0.0,,,,,,,,,
12-enter-a-debit-memo,3,3,0,100.0,1.0,1.0,1.0,0.0,0.0,0.0,95.0,98.33333333333333,100.0
12-enter-reverse-entry-journal,1,1,0,100.0,1.0,1.0,1.0,0.0,0.0,0.0,100.0,100.0,100.0
12-enter-stock-sales-order-and-change-line-items,27,25,2,92.5925925925926,1.0,1.08,2.0,0.0,0.042666666666666665,1.05,83.0,95.88461538461539,100.0
12-inquire-with-order-info,29,23,6,79.3103448275862,1.0,1.173913043478261,3.0,0.0,0.004347826086956522,0.05,92.0,97.66666666666667,100.0
12-print-warehouse-transfer-pre-receiving-report,7,3,4,42.857142857142854,1.0,1.0,1.0,0.0,0.0,0.0,-1.0,65.66666666666667,100.0
12apply-credit-to-invoice,5,1,4,20.0,1.0,1.0,1.0,0.0,0.0,0.0,100.0,100.0,100.0
12posting-transactions,2,0,2,0.0,,,,,,,,,
12receive-vendor-rm-po,1,0,1,0.0,,,,,,,,,
13-apply-payment-using-split-check,5,3,2,60.0,1.0,1.0,1.0,0.0,0.0,0.0,93.0,97.66666666666667,100.0
13-copy-customer-sales-order,29,26,3,89.65517241379311,1.0,1.0384615384615385,2.0,0.0,0.0,0.0,85.0,97.57692307692308,100.0
13-enter-a-manual-payment,3,3,0,100.0,1.0,1.0,1.0,0.0,0.0,0.0,95.0,98.33333333333333,100.0
13-inquire-on-a-journal,1,1,0,100.0,1.0,1.0,1.0,0.0,0.0,0.0,100.0,100.0,100.0
13-inquire-without-order-info,25,21,4,84.0,1.0,1.0952380952380953,2.0,0.0,0.7595238095238095,15.95,87.0,97.9047619047619,100.0
13-receive-warehouse-transfer,4,4,0,100.0,1.0,1.0,1.0,0.0,0.0,0.0,-1.0,74.75,100.0
13-verify-product-adjustment,1,0,1,0.0,,,,,,,,,
13add-freight-to-rental,2,0,2,0.0,,,,,,,,,
13add-items-using-easy-line-entry,1,0,1,0.0,,,,,,,,,
13enter-trade-invoice---po-matches,3,0,3,0.0,,,,,,,,,
13invoicing-in-ism,1,0,1,0.0,,,,,,,,,
14-add-comments-notes-to-customer-sales-order,29,24,5,82.75862068965517,1.0,1.125,2.0,0.0,0.02013888888888889,0.43333333333333335,-1.0,91.6923076923077,100.0
14-apply-credit-to-invoice,5,3,2,60.0,1.0,1.0,1.0,0.0,0.0,0.0,100.0,100.0,100.0
14-ar-trial-balance-report,3,1,2,33.333333333333336,1.0,1.0,1.0,0.0,0.0,0.0,94.0,94.0,94.0
14-create-new-trade-vendor,4,3,1,75.0,1.0,1.0,1.0,0.0,0.0,0.0,95.0,98.33333333333333,100.0
14-process-exception-receipts,4,4,0,100.0,1.0,1.0,1.0,0.0,0.0,0.0,-1.0,73.75,100.0
14-use-po-inquiry-to-locate-po,29,23,6,79.3103448275862,1.0,1.173913043478261,4.0,0.0,0.7391304347826086,17.0,81.0,96.26086956521739,100.0
14-view-rrar-records-using-demand-center,1,0,1,0.0,,,,,,,,,
14close-sro,1,0,1,0.0,,,,,,,,,
15-apply-account-credits-to-invoice,4,3,1,75.0,1.0,1.0,1.0,0.0,0.0,0.0,96.0,98.66666666666667,100.0
15-enter-trade-invoice---po-matches,4,3,1,75.0,1.0,1.0,1.0,0.0,0.0,0.0,94.0,98.0,100.0
15-ic-trial-balance-of-stock-inventory-report,1,0,1,0.0,,,,,,,,,
15-inquire-on-a-product,6,4,2,66.66666666666667,1.0,1.0,1.0,0.0,0.0,0.0,-1.0,74.75,100.0
15-manually-apply-hold-and-approve-held-order,29,27,2,93.10344827586206,1.0,1.0740740740740742,2.0,0.0,0.0024691358024691358,0.06666666666666667,83.0,98.18518518518519,100.0
15-review-balance-history,1,1,0,100.0,1.0,1.0,1.0,0.0,0.0,0.0,100.0,100.0,100.0
15-use-global-search,28,24,4,85.71428571428571,1.0,1.0416666666666667,2.0,0.0,0.0006944444444444445,0.016666666666666666,-1.0,93.70833333333333,100.0
15add-nonstock-items-to-a-purchase-order-using-advanced-line-entry,1,0,1,0.0,,,,,,,,,
15apply-misc-cash,4,1,3,25.0,1.0,1.0,1.0,0.0,0.0,0.0,96.0,96.0,96.0
15enter-trade-invoice---add-on-charges,3,0,3,0.0,,,,,,,,,
16-apply-a-cod-credit,4,3,1,75.0,1.0,1.0,1.0,0.0,0.0,0.0,100.0,100.0,100.0
16-enter-trade-invoice---po-does-not-match,4,3,1,75.0,1.0,1.0,1.0,0.0,0.0,0.0,-1.0,64.66666666666667,100.0
16-print-count-sheets,5,4,1,80.0,1.0,1.0,1.0,0.0,0.0,0.0,-1.0,45.25,100.0
16-review-line-item-details,1,0,1,0.0,,,,,,,,,
16-review-suspense-account,2,1,1,50.0,1.0,1.0,1.0,0.0,0.0,0.0,100.0,100.0,100.0
16-suspend-an-order,30,27,3,90.0,1.0,1.037037037037037,2.0,0.0,0.0,0.0,92.0,99.4074074074074,100.0
16customer-statement-print,2,1,1,50.0,1.0,1.0,1.0,0.0,0.0,0.0,100.0,100.0,100.0
16enter-trade-invoice---reconcile-against-multiple-pos-1,2,0,2,0.0,,,,,,,,,
17-accept-replenishments,2,0,2,0.0,,,,,,,,,
17-apply-misc-cash,5,3,2,60.0,1.0,1.0,1.0,0.0,0.0,0.0,95.0,98.33333333333333,100.0
17-enter-sales-order-for-kits,28,26,2,92.85714285714286,1.0,1.0769230769230769,2.0,0.0,0.0038461538461538464,0.1,92.0,98.15384615384616,100.0
17-enter-trade-invoice---add-on-charges,2,2,0,100.0,1.0,1.0,1.0,0.0,0.0,0.0,92.0,96.0,100.0
17-post-monthly-profit,2,1,1,50.0,1.0,1.0,1.0,0.0,0.0,0.0,-1.0,-1.0,-1.0
17-run-wt-entry-recommended-replenishment-action-report,5,5,0,100.0,1.0,1.0,1.0,0.0,0.0,0.0,-1.0,79.8,100.0
17enter-trade-invoice---partial-receipt-short-pay,2,0,2,0.0,,,,,,,,,
17payment-reversal,1,0,1,0.0,,,,,,,,,
18-accept-wt-rrar,5,5,0,100.0,1.0,1.0,1.0,0.0,0.0,0.0,-1.0,77.6,100.0
18-add-lot-numbered-product-to-sales-order,29,27,2,93.10344827586206,1.0,1.037037037037037,2.0,0.0,0.0,0.0,88.0,98.44444444444444,100.0
18-copy-pricing-record,2,0,2,0.0,,,,,,,,,
18-enter-trade-invoice---reconcile-against-multiple-pos,3,2,1,66.66666666666667,1.0,1.0,1.0,0.0,0.0,0.0,100.0,100.0,100.0
18-generate-a-tax-register,2,1,1,50.0,1.0,1.0,1.0,0.0,0.0,0.0,100.0,100.0,100.0
18-modify-customer-invoice,6,4,2,66.66666666666667,1.0,1.0,1.0,0.0,0.0,0.0,94.0,98.5,100.0
18-view-consolidation-info-in-demand-center,2,0,2,0.0,,,,,,,,,
18enter-trade-invoice---po-correction,3,0,3,0.0,,,,,,,,,
18process-overpayment,2,1,1,50.0,1.0,1.0,1.0,0.0,0.0,0.0,95.0,95.0,95.0
19-add-optional-product-to-sales-order,29,27,2,93.10344827586206,1.0,1.0740740740740742,2.0,0.0,0.0012345679012345679,0.03333333333333333,94.0,98.88888888888889,100.0
19-change-prices-and-costs-on-group-of-products,2,0,2,0.0,,,,,,,,,
19-enter-trade-invoice---partial-receipt,2,2,0,100.0,1.0,1.0,1.0,0.0,0.0,0.0,100.0,100.0,100.0
19-merge-pos-print-pos-generate-exception-report,1,0,1,0.0,,,,,,,,,
19-merge-wt-rrar,6,5,1,83.33333333333333,1.0,1.0,1.0,0.0,0.0,0.0,-1.0,78.8,100.0
19-release-credit-hold,4,3,1,75.0,1.0,1.0,1.0,0.0,0.0,0.0,100.0,100.0,100.0
19-run-a-financial-statement,2,1,1,50.0,1.0,1.0,1.0,0.0,0.0,0.0,100.0,100.0,100.0
19refund-customer-via-check,2,0,2,0.0,,,,,,,,,
19select-invoices-for-payment,3,0,3,0.0,,,,,,,,,
20-add-interchangeable-substitution-products-to-order,29,26,3,89.65517241379311,1.0,1.0384615384615385,2.0,0.0,0.000641025641025641,0.016666666666666666,88.0,98.88888888888889,100.0
20-close-the-gl,2,1,1,50.0,1.0,1.0,1.0,0.0,0.0,0.0,100.0,100.0,100.0
20-complete-price-correction,4,3,1,75.0,1.0,1.0,1.0,0.0,0.0,0.0,97.0,99.0,100.0
20-enter-trade-invoice---po-correction,2,2,0,100.0,1.0,1.0,1.0,0.0,0.0,0.0,97.0,98.5,100.0
20-generate-ic-admin-review-cycle-adjustment-report,1,0,1,0.0,,,,,,,,,
20ap-vendor-entry-pay-invoice-due-report-1,2,0,2,0.0,,,,,,,,,
21-cash-requirements-report,3,2,1,66.66666666666667,1.0,1.0,1.0,0.0,0.0,0.0,95.0,97.5,100.0
21-correct-payment-posted-to-wrong-account,4,3,1,75.0,1.0,1.0,1.0,0.0,0.0,0.0,100.0,100.0,100.0
21-create-product-lot-numbers,1,0,1,0.0,,,,,,,,,
21-generate-ic-admin-inventory-classification-and-rank-report,1,0,1,0.0,,,,,,,,,
21-view-units-of-measure,30,28,2,93.33333333333333,1.0,1.0,1.0,0.0,0.0,0.0,-1.0,96.10344827586206,100.0
21print-checks,3,0,3,0.0,,,,,,,,,
22-enter-non-stock-product-on-an-order,31,28,3,90.3225806451613,1.0,1.0714285714285714,2.0,0.0,4.220833333333333,118.18333333333334,90.0,98.25,100.0
22-process-short-payment-with-sales-tax-write-off,4,3,1,75.0,1.0,1.0,1.0,0.0,0.0,0.0,96.0,98.66666666666667,100.0
22-review-ic-month-end-processing-report-options,2,0,2,0.0,,,,,,,,,
22-select-invoices-for-payment,3,2,1,66.66666666666667,1.0,1.0,1.0,0.0,0.0,0.0,100.0,100.0,100.0
22-track-serial-products,1,0,1,0.0,,,,,,,,,
22run-credit-card-receive-on-account,2,1,1,50.0,1.0,1.0,1.0,0.0,0.0,0.0,100.0,100.0,100.0
23-add-catalog-product-to-order,30,28,2,93.33333333333333,1.0,1.0357142857142858,2.0,0.0,0.0,0.0,85.0,97.28571428571429,100.0
23-ap-vendor-entry-pay-invoice-due-report,2,2,0,100.0,1.0,1.0,1.0,0.0,0.0,0.0,100.0,100.0,100.0
23-review-exception-processing-center-screen,1,0,1,0.0,,,,,,,,,
23-update-account-due-to-returned-check,4,3,1,75.0,1.0,1.0,1.0,0.0,0.0,0.0,97.0,99.0,100.0
23invoice-processing,2,0,2,0.0,,,,,,,,,
24-add-special-order-product-to-sales-order,30,28,2,93.33333333333333,1.0,1.0357142857142858,2.0,0.0,0.0005952380952380952,0.016666666666666666,-1.0,95.82142857142857,100.0
24-ar-open-activity-report,3,3,0,100.0,1.0,1.0,1.0,0.0,0.0,0.0,100.0,100.0,100.0
24-print-checks,2,2,0,100.0,1.0,1.0,1.0,0.0,0.0,0.0,100.0,100.0,100.0
24-review-setup-of-pre-built-kit-item,1,0,1,0.0,,,,,,,,,
24process-payable-invoice,2,0,2,0.0,,,,,,,,,
25-enter-a-return-order,31,27,4,87.09677419354838,1.0,1.037037037037037,2.0,0.0,0.0006172839506172839,0.016666666666666666,86.0,99.11111111111111,100.0
25-run-ar-roll-balances-and-assess-service-charge,3,3,0,100.0,1.0,1.0,1.0,0.0,0.0,0.0,100.0,100.0,100.0
25-run-replenishing-pre-built-kits-report,1,0,1,0.0,,,,,,,,,
25-set-up-misc-vendor-in-ap,3,2,1,66.66666666666667,1.0,1.0,1.0,0.0,0.0,0.0,100.0,100.0,100.0
26-create-work-order-manually,1,0,1,0.0,,,,,,,,,
26-enter-invoice-for-misc-vendor,3,2,1,66.66666666666667,1.0,1.0,1.0,0.0,0.0,0.0,92.0,94.0,96.0
26-print-customer-statement,4,2,2,50.0,1.0,1.0,1.0,0.0,0.0,0.0,100.0,100.0,100.0
27-ar-trial-balance-report,3,3,0,100.0,1.0,1.0,1.0,0.0,0.0,0.0,100.0,100.0,100.0
27-print-work-orders,1,0,1,0.0,,,,,,,,,
27-set-up-vendor-history-table,3,2,1,66.66666666666667,1.0,1.0,1.0,0.0,0.0,0.0,100.0,100.0,100.0
28-ar-period-analysis-report,4,3,1,75.0,1.0,1.0,1.0,0.0,0.0,0.0,96.0,98.66666666666667,100.0
28-set-up-federal-tax-1099,2,2,0,100.0,1.0,1.0,1.0,0.0,0.0,0.0,100.0,100.0,100.0
29-ar-year-end-processing-report,5,3,2,60.0,1.0,1.0,1.0,0.0,0.0,0.0,100.0,100.0,100.0
co1sesopop20refund-customer-via-cckc,2,0,2,0.0,,,,,,,,,
co1sesoppurentopm14add-items-to-purchase-order-using-advanced-line-entrybwkc,1,0,1,0.0,,,,,,,,,
co1sesopq2cop13apply-account-credits-to-invoicebwkc,4,2,2,50.0,1.0,1.0,1.0,0.0,0.0,0.0,100.0,100.0,100.0
co3ppsee01partner-set-upkc,2,0,2,0.0,,,,,,,,,
co3ppsoohow-to-do-a-shipping-feedback-for-start-upbwkc,1,0,1,0.0,,,,,,,,,
csd-basics,23,6,17,26.08695652173913,1.0,1.0,1.0,0.0,0.0,0.0,-1.0,59.888888888888886,94.0
log-into-uap,11,4,7,36.36363636363637,1.0,1.0,1.0,0.0,0.0,0.0,-1.0,49.5,100.0
new-customer-registration,1,1,0,100.0,1.0,1.0,1.0,0.0,0.0,0.0,92.0,92.0,92.0
quiz-level-1,31,26,5,83.87096774193549,1.0,1.0,1.0,0.0,0.0,0.0,89.0,90.06451612903226,100.0
quiz-level-2-accounts-receivable,5,5,0,100.0,1.0,1.4,3.0,0.0,3.3600000000000003,16.8,89.0,93.4,100.0
quiz-level-2-purchasing-1,1,0,1,0.0,,,,,,,,,
quiz-level-2-purchasing-2,5,2,3,40.0,1.0,1.0,1.0,0.0,0.0,0.0,80.0,80.0,80.0
quiz-level-2-sales-1,37,30,7,81.08108108108108,1.0,1.2666666666666666,4.0,0.0,0.33722222222222226,5.133333333333334,80.0,82.58064516129032,100.0
quiz-level-2-warehouse-planning,5,4,1,80.0,1.0,1.0,1.0,0.0,0.0,0.0,89.0,91.75,100.0
sales-order-example,1,1,0,100.0,1.0,1.0,1.0,0.0,0.0,0.0,93.0,93.0,93.0
scott-electric-navigation,1,1,0,100.0,1.0,1.0,1.0,0.0,0.0,0.0,100.0,100.0,100.0
sopoe01enter-stock-customer-sales-order,26,8,18,30.76923076923077,1.0,1.25,3.0,0.0,144.03958333333333,1152.3166666666666,-1.0,59.25,100.0
sopoe07enter-a-return-order-1,13,6,7,46.15384615384615,1.0,1.0,1.0,0.0,0.0,0.0,-1.0,70.0,100.0
uap-101,4,0,4,0.0,,,,,,,,,
uap-101-1,3,0,3,0.0,,,,,,,,,
