Module,Entity,SOP,SubSOP,UsersOpened,UsersSucceeded,UsersStillNotPassed,ConversionPct,AttemptsToPass_Min,AttemptsToPass_Avg,AttemptsToPass_Max,TimeToPassHrs_Min,TimeToPassHrs_Avg,TimeToPassHrs_Max,PassScore_Min,PassScore_Avg,PassScore_Max,Generated_Timestamp,Source_UAP,Source_Catalog
004order-inquiries,,,,4,1,3,25.0,1.0,1.0,1.0,0.0,0.0,0.0,,,,2025-11-04 22:07,/workspaces/edx_trn_att/Inputs/SR04-Trn_Att_v2_20251104_1330.csv,/workspaces/edx_trn_att/Outputs/ModMstr/module_catalog_20251104_2117.csv
01-access-sales-order-entry-window,,,,25,21,4,84.0,1.0,1.0476190476190477,2.0,0.0,0.0,0.0,86.0,96.66666666666667,100.0,2025-11-04 22:07,/workspaces/edx_trn_att/Inputs/SR04-Trn_Att_v2_20251104_1330.csv,/workspaces/edx_trn_att/Outputs/ModMstr/module_catalog_20251104_2117.csv
01-create-new-vendor,,,,2,1,1,50.0,1.0,1.0,1.0,0.0,0.0,0.0,100.0,100.0,100.0,2025-11-04 22:07,/workspaces/edx_trn_att/Inputs/SR04-Trn_Att_v2_20251104_1330.csv,/workspaces/edx_trn_att/Outputs/ModMstr/module_catalog_20251104_2117.csv
01-customer-inquiry-pricing,,,,2,1,1,50.0,1.0,1.0,1.0,0.0,0.0,0.0,100.0,100.0,100.0,2025-11-04 22:07,/workspaces/edx_trn_att/Inputs/SR04-Trn_Att_v2_20251104_1330.csv,/workspaces/edx_trn_att/Outputs/ModMstr/module_catalog_20251104_2117.csv
01-enter-stock-customer-sales-order,,,,26,24,2,92.3076923076923,1.0,1.0833333333333333,2.0,0.0,0.002777777777777778,0.03333333333333333,83.0,99.29166666666667,100.0,2025-11-04 22:07,/workspaces/edx_trn_att/Inputs/SR04-Trn_Att_v2_20251104_1330.csv,/workspaces/edx_trn_att/Outputs/ModMstr/module_catalog_20251104_2117.csv
01-log-in-to-sxe,,,,31,18,13,58.064516129032256,1.0,1.0,1.0,0.0,0.0,0.0,82.0,95.71428571428571,100.0,2025-11-04 22:07,/workspaces/edx_trn_att/Inputs/SR04-Trn_Att_v2_20251104_1330.csv,/workspaces/edx_trn_att/Outputs/ModMstr/module_catalog_20251104_2117.csv
01-run-sa-operator-security-violations-report,,,,1,0,1,0.0,,,,,,,,,,2025-11-04 22:07,/workspaces/edx_trn_att/Inputs/SR04-Trn_Att_v2_20251104_1330.csv,/workspaces/edx_trn_att/Outputs/ModMstr/module_catalog_20251104_2117.csv
01-set-up-customer,,,,1,1,0,100.0,1.0,1.0,1.0,0.0,0.0,0.0,100.0,100.0,100.0,2025-11-04 22:07,/workspaces/edx_trn_att/Inputs/SR04-Trn_Att_v2_20251104_1330.csv,/workspaces/edx_trn_att/Outputs/ModMstr/module_catalog_20251104_2117.csv
01-set-up-new-product-and-product-line,,,,2,0,2,0.0,,,,,,,,,,2025-11-04 22:07,/workspaces/edx_trn_att/Inputs/SR04-Trn_Att_v2_20251104_1330.csv,/workspaces/edx_trn_att/Outputs/ModMstr/module_catalog_20251104_2117.csv
01-set-up-report-schedule-type,,,,1,0,1,0.0,,,,,,,,,,2025-11-04 22:07,/workspaces/edx_trn_att/Inputs/SR04-Trn_Att_v2_20251104_1330.csv,/workspaces/edx_trn_att/Outputs/ModMstr/module_catalog_20251104_2117.csv
01-set-up-vendor,,,,5,1,4,20.0,1.0,1.0,1.0,0.0,0.0,0.0,100.0,100.0,100.0,2025-11-04 22:07,/workspaces/edx_trn_att/Inputs/SR04-Trn_Att_v2_20251104_1330.csv,/workspaces/edx_trn_att/Outputs/ModMstr/module_catalog_20251104_2117.csv
01-ship-sales-order-include-addons,,,,1,1,0,100.0,1.0,1.0,1.0,0.0,0.0,0.0,100.0,100.0,100.0,2025-11-04 22:07,/workspaces/edx_trn_att/Inputs/SR04-Trn_Att_v2_20251104_1330.csv,/workspaces/edx_trn_att/Outputs/ModMstr/module_catalog_20251104_2117.csv
01add-items-to-stock-customer-sales-order,,,,8,5,3,62.5,1.0,1.0,1.0,0.0,0.0,0.0,100.0,100.0,100.0,2025-11-04 22:07,/workspaces/edx_trn_att/Inputs/SR04-Trn_Att_v2_20251104_1330.csv,/workspaces/edx_trn_att/Outputs/ModMstr/module_catalog_20251104_2117.csv
01copy-quote-order-to-a-stock-order,,,,2,2,0,100.0,1.0,1.0,1.0,0.0,0.0,0.0,95.0,97.5,100.0,2025-11-04 22:07,/workspaces/edx_trn_att/Inputs/SR04-Trn_Att_v2_20251104_1330.csv,/workspaces/edx_trn_att/Outputs/ModMstr/module_catalog_20251104_2117.csv
01create-a-blanket-order,,,,5,2,3,40.0,1.0,1.0,1.0,0.0,0.0,0.0,100.0,100.0,100.0,2025-11-04 22:07,/workspaces/edx_trn_att/Inputs/SR04-Trn_Att_v2_20251104_1330.csv,/workspaces/edx_trn_att/Outputs/ModMstr/module_catalog_20251104_2117.csv
01create-invoice-process-group-1,,,,4,2,2,50.0,1.0,1.0,1.0,0.0,0.0,0.0,100.0,100.0,100.0,2025-11-04 22:07,/workspaces/edx_trn_att/Inputs/SR04-Trn_Att_v2_20251104_1330.csv,/workspaces/edx_trn_att/Outputs/ModMstr/module_catalog_20251104_2117.csv
01create-purchase-order,,,,6,1,5,16.666666666666668,1.0,1.0,1.0,0.0,0.0,0.0,,,,2025-11-04 22:07,/workspaces/edx_trn_att/Inputs/SR04-Trn_Att_v2_20251104_1330.csv,/workspaces/edx_trn_att/Outputs/ModMstr/module_catalog_20251104_2117.csv
01customer-setup,,,,3,1,2,33.333333333333336,1.0,1.0,1.0,0.0,0.0,0.0,95.0,95.0,95.0,2025-11-04 22:07,/workspaces/edx_trn_att/Inputs/SR04-Trn_Att_v2_20251104_1330.csv,/workspaces/edx_trn_att/Outputs/ModMstr/module_catalog_20251104_2117.csv
01enter-an-invoice,,,,6,2,4,33.333333333333336,1.0,1.0,1.0,0.0,0.0,0.0,100.0,100.0,100.0,2025-11-04 22:07,/workspaces/edx_trn_att/Inputs/SR04-Trn_Att_v2_20251104_1330.csv,/workspaces/edx_trn_att/Outputs/ModMstr/module_catalog_20251104_2117.csv
01filter-working-status,,,,5,3,2,60.0,1.0,1.0,1.0,0.0,0.0,0.0,67.0,95.28571428571429,100.0,2025-11-04 22:07,/workspaces/edx_trn_att/Inputs/SR04-Trn_Att_v2_20251104_1330.csv,/workspaces/edx_trn_att/Outputs/ModMstr/module_catalog_20251104_2117.csv
01generate-rrar,,,,2,2,0,100.0,1.0,1.0,1.0,0.0,0.0,0.0,91.0,95.5,100.0,2025-11-04 22:07,/workspaces/edx_trn_att/Inputs/SR04-Trn_Att_v2_20251104_1330.csv,/workspaces/edx_trn_att/Outputs/ModMstr/module_catalog_20251104_2117.csv
01how-to-use-the-quote-modification,,,,1,0,1,0.0,,,,,,,,,,2025-11-04 22:07,/workspaces/edx_trn_att/Inputs/SR04-Trn_Att_v2_20251104_1330.csv,/workspaces/edx_trn_att/Outputs/ModMstr/module_catalog_20251104_2117.csv
01ism-incident,,,,6,1,5,16.666666666666668,3.0,3.0,3.0,304.95,304.95,304.95,100.0,100.0,100.0,2025-11-04 22:07,/workspaces/edx_trn_att/Inputs/SR04-Trn_Att_v2_20251104_1330.csv,/workspaces/edx_trn_att/Outputs/ModMstr/module_catalog_20251104_2117.csv
01manual-entry-of-a-warehouse-transfer,,,,1,0,1,0.0,,,,,,,,,,2025-11-04 22:07,/workspaces/edx_trn_att/Inputs/SR04-Trn_Att_v2_20251104_1330.csv,/workspaces/edx_trn_att/Outputs/ModMstr/module_catalog_20251104_2117.csv
01order-inquiry,,,,2,0,2,0.0,,,,,,,,,,2025-11-04 22:07,/workspaces/edx_trn_att/Inputs/SR04-Trn_Att_v2_20251104_1330.csv,/workspaces/edx_trn_att/Outputs/ModMstr/module_catalog_20251104_2117.csv
01perform-lookups-in-customer-sales-order,,,,3,2,1,66.66666666666667,1.0,1.0,1.0,0.0,0.0,0.0,100.0,100.0,100.0,2025-11-04 22:07,/workspaces/edx_trn_att/Inputs/SR04-Trn_Att_v2_20251104_1330.csv,/workspaces/edx_trn_att/Outputs/ModMstr/module_catalog_20251104_2117.csv
01price-correction,,,,2,1,1,50.0,1.0,1.0,1.0,0.0,0.0,0.0,100.0,100.0,100.0,2025-11-04 22:07,/workspaces/edx_trn_att/Inputs/SR04-Trn_Att_v2_20251104_1330.csv,/workspaces/edx_trn_att/Outputs/ModMstr/module_catalog_20251104_2117.csv
01print-po-expedite-report,,,,1,0,1,0.0,,,,,,,,,,2025-11-04 22:07,/workspaces/edx_trn_att/Inputs/SR04-Trn_Att_v2_20251104_1330.csv,/workspaces/edx_trn_att/Outputs/ModMstr/module_catalog_20251104_2117.csv
01process-core-as-return-merchandise,,,,3,1,2,33.333333333333336,1.0,1.0,1.0,0.0,0.0,0.0,100.0,100.0,100.0,2025-11-04 22:07,/workspaces/edx_trn_att/Inputs/SR04-Trn_Att_v2_20251104_1330.csv,/workspaces/edx_trn_att/Outputs/ModMstr/module_catalog_20251104_2117.csv
01product-inquiry,,,,4,2,2,50.0,1.0,1.0,1.0,0.0,0.0,0.0,,,,2025-11-04 22:07,/workspaces/edx_trn_att/Inputs/SR04-Trn_Att_v2_20251104_1330.csv,/workspaces/edx_trn_att/Outputs/ModMstr/module_catalog_20251104_2117.csv
01purchase-order-submit-po-to-vendor,,,,3,1,2,33.333333333333336,1.0,1.0,1.0,0.0,0.0,0.0,88.0,94.0,100.0,2025-11-04 22:07,/workspaces/edx_trn_att/Inputs/SR04-Trn_Att_v2_20251104_1330.csv,/workspaces/edx_trn_att/Outputs/ModMstr/module_catalog_20251104_2117.csv
01release-credit-hold,,,,1,0,1,0.0,,,,,,,,,,2025-11-04 22:07,/workspaces/edx_trn_att/Inputs/SR04-Trn_Att_v2_20251104_1330.csv,/workspaces/edx_trn_att/Outputs/ModMstr/module_catalog_20251104_2117.csv
01review-the-shopping-list,,,,3,2,1,66.66666666666667,1.0,1.0,1.0,0.0,0.0,0.0,97.0,98.5,100.0,2025-11-04 22:07,/workspaces/edx_trn_att/Inputs/SR04-Trn_Att_v2_20251104_1330.csv,/workspaces/edx_trn_att/Outputs/ModMstr/module_catalog_20251104_2117.csv
01run-arro-ar-open-activity-report,,,,2,1,1,50.0,1.0,1.0,1.0,0.0,0.0,0.0,95.0,97.5,100.0,2025-11-04 22:07,/workspaces/edx_trn_att/Inputs/SR04-Trn_Att_v2_20251104_1330.csv,/workspaces/edx_trn_att/Outputs/ModMstr/module_catalog_20251104_2117.csv
01ship-sales-order-include-addons,,,,6,2,4,33.333333333333336,1.0,1.0,1.0,0.0,0.0,0.0,,,,2025-11-04 22:07,/workspaces/edx_trn_att/Inputs/SR04-Trn_Att_v2_20251104_1330.csv,/workspaces/edx_trn_att/Outputs/ModMstr/module_catalog_20251104_2117.csv
01travel-to-site,,,,3,1,2,33.333333333333336,1.0,1.0,1.0,0.0,0.0,0.0,100.0,100.0,100.0,2025-11-04 22:07,/workspaces/edx_trn_att/Inputs/SR04-Trn_Att_v2_20251104_1330.csv,/workspaces/edx_trn_att/Outputs/ModMstr/module_catalog_20251104_2117.csv
01view-consolidation-info-in-demand-center,,,,2,1,1,50.0,1.0,1.0,1.0,0.0,0.0,0.0,100.0,100.0,100.0,2025-11-04 22:07,/workspaces/edx_trn_att/Inputs/SR04-Trn_Att_v2_20251104_1330.csv,/workspaces/edx_trn_att/Outputs/ModMstr/module_catalog_20251104_2117.csv
01wire-order-placement,,,,4,1,3,25.0,1.0,1.0,1.0,0.0,0.0,0.0,100.0,100.0,100.0,2025-11-04 22:07,/workspaces/edx_trn_att/Inputs/SR04-Trn_Att_v2_20251104_1330.csv,/workspaces/edx_trn_att/Outputs/ModMstr/module_catalog_20251104_2117.csv
02-add-items-to-stock-customer-sales-order,,,,23,21,2,91.30434782608695,1.0,1.0,1.0,0.0,0.0,0.0,94.0,98.57142857142857,100.0,2025-11-04 22:07,/workspaces/edx_trn_att/Inputs/SR04-Trn_Att_v2_20251104_1330.csv,/workspaces/edx_trn_att/Outputs/ModMstr/module_catalog_20251104_2117.csv
02-assign-serial-numbers-to-orders-during-shipping,,,,1,1,0,100.0,1.0,1.0,1.0,0.0,0.0,0.0,100.0,100.0,100.0,2025-11-04 22:07,/workspaces/edx_trn_att/Inputs/SR04-Trn_Att_v2_20251104_1330.csv,/workspaces/edx_trn_att/Outputs/ModMstr/module_catalog_20251104_2117.csv
02-change-layout-and-appearance-of-grid,,,,25,20,5,80.0,1.0,1.05,2.0,0.0,0.0,0.0,81.0,95.3,100.0,2025-11-04 22:07,/workspaces/edx_trn_att/Inputs/SR04-Trn_Att_v2_20251104_1330.csv,/workspaces/edx_trn_att/Outputs/ModMstr/module_catalog_20251104_2117.csv
02-company-setup-in-gl,,,,1,1,0,100.0,1.0,1.0,1.0,0.0,0.0,0.0,100.0,100.0,100.0,2025-11-04 22:07,/workspaces/edx_trn_att/Inputs/SR04-Trn_Att_v2_20251104_1330.csv,/workspaces/edx_trn_att/Outputs/ModMstr/module_catalog_20251104_2117.csv
02-create-po,,,,1,0,1,0.0,,,,,,,,,,2025-11-04 22:07,/workspaces/edx_trn_att/Inputs/SR04-Trn_Att_v2_20251104_1330.csv,/workspaces/edx_trn_att/Outputs/ModMstr/module_catalog_20251104_2117.csv
02-enter-stock-customer-sales-order,,,,27,20,7,74.07407407407408,1.0,1.2,4.0,0.0,2.4433333333333334,48.71666666666667,85.0,98.25,100.0,2025-11-04 22:07,/workspaces/edx_trn_att/Inputs/SR04-Trn_Att_v2_20251104_1330.csv,/workspaces/edx_trn_att/Outputs/ModMstr/module_catalog_20251104_2117.csv
02-report-scheduler-startup-shutdown-function,,,,1,0,1,0.0,,,,,,,,,,2025-11-04 22:07,/workspaces/edx_trn_att/Inputs/SR04-Trn_Att_v2_20251104_1330.csv,/workspaces/edx_trn_att/Outputs/ModMstr/module_catalog_20251104_2117.csv
02-review-operator-record,,,,1,0,1,0.0,,,,,,,,,,2025-11-04 22:07,/workspaces/edx_trn_att/Inputs/SR04-Trn_Att_v2_20251104_1330.csv,/workspaces/edx_trn_att/Outputs/ModMstr/module_catalog_20251104_2117.csv
02-set-up-a-customer-record,,,,3,1,2,33.333333333333336,1.0,1.0,1.0,0.0,0.0,0.0,100.0,100.0,100.0,2025-11-04 22:07,/workspaces/edx_trn_att/Inputs/SR04-Trn_Att_v2_20251104_1330.csv,/workspaces/edx_trn_att/Outputs/ModMstr/module_catalog_20251104_2117.csv
02-set-up-ship-to-address,,,,1,1,0,100.0,1.0,1.0,1.0,0.0,0.0,0.0,100.0,100.0,100.0,2025-11-04 22:07,/workspaces/edx_trn_att/Inputs/SR04-Trn_Att_v2_20251104_1330.csv,/workspaces/edx_trn_att/Outputs/ModMstr/module_catalog_20251104_2117.csv
02-set-up-vendor-ship-from,,,,2,1,1,50.0,1.0,1.0,1.0,0.0,0.0,0.0,100.0,100.0,100.0,2025-11-04 22:07,/workspaces/edx_trn_att/Inputs/SR04-Trn_Att_v2_20251104_1330.csv,/workspaces/edx_trn_att/Outputs/ModMstr/module_catalog_20251104_2117.csv
02add-items-1,,,,2,1,1,50.0,1.0,1.0,1.0,0.0,0.0,0.0,,,,2025-11-04 22:07,/workspaces/edx_trn_att/Inputs/SR04-Trn_Att_v2_20251104_1330.csv,/workspaces/edx_trn_att/Outputs/ModMstr/module_catalog_20251104_2117.csv
02add-items-to-po-and-finish-it,,,,3,1,2,33.333333333333336,1.0,1.0,1.0,0.0,0.0,0.0,83.0,83.0,83.0,2025-11-04 22:07,/workspaces/edx_trn_att/Inputs/SR04-Trn_Att_v2_20251104_1330.csv,/workspaces/edx_trn_att/Outputs/ModMstr/module_catalog_20251104_2117.csv
02add-rental-items,,,,2,0,2,0.0,,,,,,,,,,2025-11-04 22:07,/workspaces/edx_trn_att/Inputs/SR04-Trn_Att_v2_20251104_1330.csv,/workspaces/edx_trn_att/Outputs/ModMstr/module_catalog_20251104_2117.csv
02adjust-line-items,,,,7,5,2,71.42857142857143,1.0,1.0,1.0,0.0,0.0,0.0,93.0,98.83333333333333,100.0,2025-11-04 22:07,/workspaces/edx_trn_att/Inputs/SR04-Trn_Att_v2_20251104_1330.csv,/workspaces/edx_trn_att/Outputs/ModMstr/module_catalog_20251104_2117.csv
02approving-a-warehouse-transfer-that-is-on-hold,,,,1,0,1,0.0,,,,,,,,,,2025-11-04 22:07,/workspaces/edx_trn_att/Inputs/SR04-Trn_Att_v2_20251104_1330.csv,/workspaces/edx_trn_att/Outputs/ModMstr/module_catalog_20251104_2117.csv
02copy-customer-sales-order,,,,3,3,0,100.0,1.0,1.0,1.0,0.0,0.0,0.0,100.0,100.0,100.0,2025-11-04 22:07,/workspaces/edx_trn_att/Inputs/SR04-Trn_Att_v2_20251104_1330.csv,/workspaces/edx_trn_att/Outputs/ModMstr/module_catalog_20251104_2117.csv
02csd-incident,,,,6,1,5,16.666666666666668,1.0,1.0,1.0,0.0,0.0,0.0,100.0,100.0,100.0,2025-11-04 22:07,/workspaces/edx_trn_att/Inputs/SR04-Trn_Att_v2_20251104_1330.csv,/workspaces/edx_trn_att/Outputs/ModMstr/module_catalog_20251104_2117.csv
02customer-inquiry-with-past-due-invoices-large-dollar-amount-balance,,,,3,0,3,0.0,,,,,,,,,,2025-11-04 22:07,/workspaces/edx_trn_att/Inputs/SR04-Trn_Att_v2_20251104_1330.csv,/workspaces/edx_trn_att/Outputs/ModMstr/module_catalog_20251104_2117.csv
02determining-extra-stock-to-order,,,,1,0,1,0.0,,,,,,,,,,2025-11-04 22:07,/workspaces/edx_trn_att/Inputs/SR04-Trn_Att_v2_20251104_1330.csv,/workspaces/edx_trn_att/Outputs/ModMstr/module_catalog_20251104_2117.csv
02enter-a-credit-memo,,,,2,0,2,0.0,,,,,,,,,,2025-11-04 22:07,/workspaces/edx_trn_att/Inputs/SR04-Trn_Att_v2_20251104_1330.csv,/workspaces/edx_trn_att/Outputs/ModMstr/module_catalog_20251104_2117.csv
02enter-a-quote-order-1,,,,16,9,7,56.25,1.0,1.1111111111111112,2.0,0.0,0.03888888888888889,0.35,80.0,95.0,100.0,2025-11-04 22:07,/workspaces/edx_trn_att/Inputs/SR04-Trn_Att_v2_20251104_1330.csv,/workspaces/edx_trn_att/Outputs/ModMstr/module_catalog_20251104_2117.csv
02merge-posprint-posgenerate-exception-report,,,,2,2,0,100.0,1.0,1.0,1.0,0.0,0.0,0.0,91.0,93.5,96.0,2025-11-04 22:07,/workspaces/edx_trn_att/Inputs/SR04-Trn_Att_v2_20251104_1330.csv,/workspaces/edx_trn_att/Outputs/ModMstr/module_catalog_20251104_2117.csv
02perform-site-work,,,,1,0,1,0.0,,,,,,,,,,2025-11-04 22:07,/workspaces/edx_trn_att/Inputs/SR04-Trn_Att_v2_20251104_1330.csv,/workspaces/edx_trn_att/Outputs/ModMstr/module_catalog_20251104_2117.csv
02print-inventory-turnover-report,,,,1,0,1,0.0,,,,,,,,,,2025-11-04 22:07,/workspaces/edx_trn_att/Inputs/SR04-Trn_Att_v2_20251104_1330.csv,/workspaces/edx_trn_att/Outputs/ModMstr/module_catalog_20251104_2117.csv
02purchase-order-maintain-po,,,,2,1,1,50.0,1.0,1.0,1.0,0.0,0.0,0.0,100.0,100.0,100.0,2025-11-04 22:07,/workspaces/edx_trn_att/Inputs/SR04-Trn_Att_v2_20251104_1330.csv,/workspaces/edx_trn_att/Outputs/ModMstr/module_catalog_20251104_2117.csv
02review-taxes-totals-payments-for-stock-customer-sales-order,,,,5,3,2,60.0,1.0,1.0,1.0,0.0,0.0,0.0,94.0,98.5,100.0,2025-11-04 22:07,/workspaces/edx_trn_att/Inputs/SR04-Trn_Att_v2_20251104_1330.csv,/workspaces/edx_trn_att/Outputs/ModMstr/module_catalog_20251104_2117.csv
02run-either-the-ic-entry-cycle-count-report-or-the-ic-entry-physical-count-report,,,,4,2,2,50.0,1.0,1.0,1.0,0.0,0.0,0.0,,,,2025-11-04 22:07,/workspaces/edx_trn_att/Inputs/SR04-Trn_Att_v2_20251104_1330.csv,/workspaces/edx_trn_att/Outputs/ModMstr/module_catalog_20251104_2117.csv
02ship-to-setup,,,,2,1,1,50.0,1.0,1.0,1.0,0.0,0.0,0.0,94.0,94.0,94.0,2025-11-04 22:07,/workspaces/edx_trn_att/Inputs/SR04-Trn_Att_v2_20251104_1330.csv,/workspaces/edx_trn_att/Outputs/ModMstr/module_catalog_20251104_2117.csv
02use-order-inquiry-to-search-orders,,,,2,0,2,0.0,,,,,,,,,,2025-11-04 22:07,/workspaces/edx_trn_att/Inputs/SR04-Trn_Att_v2_20251104_1330.csv,/workspaces/edx_trn_att/Outputs/ModMstr/module_catalog_20251104_2117.csv
02verify-customer-eligibility,,,,3,1,2,33.333333333333336,1.0,1.0,1.0,0.0,0.0,0.0,100.0,100.0,100.0,2025-11-04 22:07,/workspaces/edx_trn_att/Inputs/SR04-Trn_Att_v2_20251104_1330.csv,/workspaces/edx_trn_att/Outputs/ModMstr/module_catalog_20251104_2117.csv
02view-rrar-records,,,,2,1,1,50.0,1.0,1.0,1.0,0.0,0.0,0.0,100.0,100.0,100.0,2025-11-04 22:07,/workspaces/edx_trn_att/Inputs/SR04-Trn_Att_v2_20251104_1330.csv,/workspaces/edx_trn_att/Outputs/ModMstr/module_catalog_20251104_2117.csv
03-add-items-to-po-and-finish-it,,,,1,0,1,0.0,,,,,,,,,,2025-11-04 22:07,/workspaces/edx_trn_att/Inputs/SR04-Trn_Att_v2_20251104_1330.csv,/workspaces/edx_trn_att/Outputs/ModMstr/module_catalog_20251104_2117.csv
03-create-and-verify-a-pricing-record,,,,2,2,0,100.0,1.0,1.0,1.0,0.0,0.0,0.0,100.0,100.0,100.0,2025-11-04 22:07,/workspaces/edx_trn_att/Inputs/SR04-Trn_Att_v2_20251104_1330.csv,/workspaces/edx_trn_att/Outputs/ModMstr/module_catalog_20251104_2117.csv
03-create-invoice-process-group,,,,4,2,2,50.0,1.0,1.0,1.0,0.0,0.0,0.0,100.0,100.0,100.0,2025-11-04 22:07,/workspaces/edx_trn_att/Inputs/SR04-Trn_Att_v2_20251104_1330.csv,/workspaces/edx_trn_att/Outputs/ModMstr/module_catalog_20251104_2117.csv
03-create-report-scheduler-queue,,,,1,0,1,0.0,,,,,,,,,,2025-11-04 22:07,/workspaces/edx_trn_att/Inputs/SR04-Trn_Att_v2_20251104_1330.csv,/workspaces/edx_trn_att/Outputs/ModMstr/module_catalog_20251104_2117.csv
03-enter-an-invoice,,,,1,1,0,100.0,1.0,1.0,1.0,0.0,0.0,0.0,100.0,100.0,100.0,2025-11-04 22:07,/workspaces/edx_trn_att/Inputs/SR04-Trn_Att_v2_20251104_1330.csv,/workspaces/edx_trn_att/Outputs/ModMstr/module_catalog_20251104_2117.csv
03-global-search,,,,24,19,5,79.16666666666667,1.0,1.0,1.0,0.0,0.0,0.0,91.0,99.52631578947368,100.0,2025-11-04 22:07,/workspaces/edx_trn_att/Inputs/SR04-Trn_Att_v2_20251104_1330.csv,/workspaces/edx_trn_att/Outputs/ModMstr/module_catalog_20251104_2117.csv
03-review-admin-options-in-gl,,,,1,1,0,100.0,1.0,1.0,1.0,0.0,0.0,0.0,100.0,100.0,100.0,2025-11-04 22:07,/workspaces/edx_trn_att/Inputs/SR04-Trn_Att_v2_20251104_1330.csv,/workspaces/edx_trn_att/Outputs/ModMstr/module_catalog_20251104_2117.csv
03-review-r-and-d-operator-record,,,,1,0,1,0.0,,,,,,,,,,2025-11-04 22:07,/workspaces/edx_trn_att/Inputs/SR04-Trn_Att_v2_20251104_1330.csv,/workspaces/edx_trn_att/Outputs/ModMstr/module_catalog_20251104_2117.csv
03-review-the-shopping-list,,,,23,22,1,95.65217391304348,1.0,1.0909090909090908,2.0,0.0,0.0606060606060606,1.3333333333333333,81.0,97.73913043478261,100.0,2025-11-04 22:07,/workspaces/edx_trn_att/Inputs/SR04-Trn_Att_v2_20251104_1330.csv,/workspaces/edx_trn_att/Outputs/ModMstr/module_catalog_20251104_2117.csv
03-unship-an-order,,,,1,1,0,100.0,1.0,1.0,1.0,0.0,0.0,0.0,,,,2025-11-04 22:07,/workspaces/edx_trn_att/Inputs/SR04-Trn_Att_v2_20251104_1330.csv,/workspaces/edx_trn_att/Outputs/ModMstr/module_catalog_20251104_2117.csv
03-use-order-inquiry-for-sales-orders,,,,25,19,6,76.0,1.0,1.0,1.0,0.0,0.0,0.0,88.0,96.84210526315789,100.0,2025-11-04 22:07,/workspaces/edx_trn_att/Inputs/SR04-Trn_Att_v2_20251104_1330.csv,/workspaces/edx_trn_att/Outputs/ModMstr/module_catalog_20251104_2117.csv
035perform-lookups-in-a-po,,,,3,1,2,33.333333333333336,1.0,1.0,1.0,0.0,0.0,0.0,100.0,100.0,100.0,2025-11-04 22:07,/workspaces/edx_trn_att/Inputs/SR04-Trn_Att_v2_20251104_1330.csv,/workspaces/edx_trn_att/Outputs/ModMstr/module_catalog_20251104_2117.csv
03acknowledge-purchase-order,,,,3,1,2,33.333333333333336,1.0,1.0,1.0,0.0,0.0,0.0,92.0,92.0,92.0,2025-11-04 22:07,/workspaces/edx_trn_att/Inputs/SR04-Trn_Att_v2_20251104_1330.csv,/workspaces/edx_trn_att/Outputs/ModMstr/module_catalog_20251104_2117.csv
03blanket-pos,,,,1,0,1,0.0,,,,,,,,,,2025-11-04 22:07,/workspaces/edx_trn_att/Inputs/SR04-Trn_Att_v2_20251104_1330.csv,/workspaces/edx_trn_att/Outputs/ModMstr/module_catalog_20251104_2117.csv
03change-working-status,,,,2,1,1,50.0,1.0,1.0,1.0,0.0,0.0,0.0,100.0,100.0,100.0,2025-11-04 22:07,/workspaces/edx_trn_att/Inputs/SR04-Trn_Att_v2_20251104_1330.csv,/workspaces/edx_trn_att/Outputs/ModMstr/module_catalog_20251104_2117.csv
03enter-a-direct-order-1,,,,12,8,4,66.66666666666667,1.0,1.0,1.0,0.0,0.0,0.0,84.0,97.71428571428571,100.0,2025-11-04 22:07,/workspaces/edx_trn_att/Inputs/SR04-Trn_Att_v2_20251104_1330.csv,/workspaces/edx_trn_att/Outputs/ModMstr/module_catalog_20251104_2117.csv
03enter-stock-sales-order-and-change-line-items,,,,8,5,3,62.5,1.0,1.0,1.0,0.0,0.0,0.0,96.0,98.0,100.0,2025-11-04 22:07,/workspaces/edx_trn_att/Inputs/SR04-Trn_Att_v2_20251104_1330.csv,/workspaces/edx_trn_att/Outputs/ModMstr/module_catalog_20251104_2117.csv
03establish-job-entry,,,,1,1,0,100.0,1.0,1.0,1.0,0.0,0.0,0.0,93.0,93.0,93.0,2025-11-04 22:07,/workspaces/edx_trn_att/Inputs/SR04-Trn_Att_v2_20251104_1330.csv,/workspaces/edx_trn_att/Outputs/ModMstr/module_catalog_20251104_2117.csv
03generate-ic-admin-review-cycle-adjustment-report,,,,2,0,2,0.0,,,,,,,,,,2025-11-04 22:07,/workspaces/edx_trn_att/Inputs/SR04-Trn_Att_v2_20251104_1330.csv,/workspaces/edx_trn_att/Outputs/ModMstr/module_catalog_20251104_2117.csv
03incident-to-sro,,,,4,1,3,25.0,1.0,1.0,1.0,0.0,0.0,0.0,100.0,100.0,100.0,2025-11-04 22:07,/workspaces/edx_trn_att/Inputs/SR04-Trn_Att_v2_20251104_1330.csv,/workspaces/edx_trn_att/Outputs/ModMstr/module_catalog_20251104_2117.csv
03inquire-on-vendor-info,,,,2,2,0,100.0,1.0,1.0,1.0,0.0,0.0,0.0,100.0,100.0,100.0,2025-11-04 22:07,/workspaces/edx_trn_att/Inputs/SR04-Trn_Att_v2_20251104_1330.csv,/workspaces/edx_trn_att/Outputs/ModMstr/module_catalog_20251104_2117.csv
03print-count-sheets,,,,2,1,1,50.0,1.0,1.0,1.0,0.0,0.0,0.0,,,,2025-11-04 22:07,/workspaces/edx_trn_att/Inputs/SR04-Trn_Att_v2_20251104_1330.csv,/workspaces/edx_trn_att/Outputs/ModMstr/module_catalog_20251104_2117.csv
03print-fill-report-by-class-report,,,,1,0,1,0.0,,,,,,,,,,2025-11-04 22:07,/workspaces/edx_trn_att/Inputs/SR04-Trn_Att_v2_20251104_1330.csv,/workspaces/edx_trn_att/Outputs/ModMstr/module_catalog_20251104_2117.csv
03print-rental-agreement,,,,2,0,2,0.0,,,,,,,,,,2025-11-04 22:07,/workspaces/edx_trn_att/Inputs/SR04-Trn_Att_v2_20251104_1330.csv,/workspaces/edx_trn_att/Outputs/ModMstr/module_catalog_20251104_2117.csv
03purchase-order-apply-add-ons-and-discounts,,,,2,0,2,0.0,,,,,,,,,,2025-11-04 22:07,/workspaces/edx_trn_att/Inputs/SR04-Trn_Att_v2_20251104_1330.csv,/workspaces/edx_trn_att/Outputs/ModMstr/module_catalog_20251104_2117.csv
03review-and-modify-rrar-record,,,,1,1,0,100.0,2.0,2.0,2.0,0.06666666666666667,0.06666666666666667,0.06666666666666667,84.0,90.5,97.0,2025-11-04 22:07,/workspaces/edx_trn_att/Inputs/SR04-Trn_Att_v2_20251104_1330.csv,/workspaces/edx_trn_att/Outputs/ModMstr/module_catalog_20251104_2117.csv
03run-customer-statement-ares,,,,2,1,1,50.0,1.0,1.0,1.0,0.0,0.0,0.0,100.0,100.0,100.0,2025-11-04 22:07,/workspaces/edx_trn_att/Inputs/SR04-Trn_Att_v2_20251104_1330.csv,/workspaces/edx_trn_att/Outputs/ModMstr/module_catalog_20251104_2117.csv
03run-the-aging-report,,,,1,0,1,0.0,,,,,,,,,,2025-11-04 22:07,/workspaces/edx_trn_att/Inputs/SR04-Trn_Att_v2_20251104_1330.csv,/workspaces/edx_trn_att/Outputs/ModMstr/module_catalog_20251104_2117.csv
03short-pay-with-sales-tax-1,,,,2,1,1,50.0,1.0,1.0,1.0,0.0,0.0,0.0,91.0,91.0,91.0,2025-11-04 22:07,/workspaces/edx_trn_att/Inputs/SR04-Trn_Att_v2_20251104_1330.csv,/workspaces/edx_trn_att/Outputs/ModMstr/module_catalog_20251104_2117.csv
03use-order-inquiry-to-search-for-orders,,,,4,2,2,50.0,1.0,1.0,1.0,0.0,0.0,0.0,95.0,97.5,100.0,2025-11-04 22:07,/workspaces/edx_trn_att/Inputs/SR04-Trn_Att_v2_20251104_1330.csv,/workspaces/edx_trn_att/Outputs/ModMstr/module_catalog_20251104_2117.csv
04-adjust-line-items,,,,23,22,1,95.65217391304348,1.0,1.0909090909090908,2.0,0.0,5.242424242424242,115.33333333333333,80.0,97.81818181818181,100.0,2025-11-04 22:07,/workspaces/edx_trn_att/Inputs/SR04-Trn_Att_v2_20251104_1330.csv,/workspaces/edx_trn_att/Outputs/ModMstr/module_catalog_20251104_2117.csv
04-advanced-search-techniques,,,,25,21,4,84.0,1.0,1.0,1.0,0.0,0.0,0.0,88.0,99.42857142857143,100.0,2025-11-04 22:07,/workspaces/edx_trn_att/Inputs/SR04-Trn_Att_v2_20251104_1330.csv,/workspaces/edx_trn_att/Outputs/ModMstr/module_catalog_20251104_2117.csv
04-copy-inventory-item-to-single-wh,,,,2,0,2,0.0,,,,,,,,,,2025-11-04 22:07,/workspaces/edx_trn_att/Inputs/SR04-Trn_Att_v2_20251104_1330.csv,/workspaces/edx_trn_att/Outputs/ModMstr/module_catalog_20251104_2117.csv
04-create-pricing-record-using-quantity-break,,,,3,1,2,33.333333333333336,1.0,1.0,1.0,0.0,0.0,0.0,100.0,100.0,100.0,2025-11-04 22:07,/workspaces/edx_trn_att/Inputs/SR04-Trn_Att_v2_20251104_1330.csv,/workspaces/edx_trn_att/Outputs/ModMstr/module_catalog_20251104_2117.csv
04-create-report-scheduler-job-group,,,,1,0,1,0.0,,,,,,,,,,2025-11-04 22:07,/workspaces/edx_trn_att/Inputs/SR04-Trn_Att_v2_20251104_1330.csv,/workspaces/edx_trn_att/Outputs/ModMstr/module_catalog_20251104_2117.csv
04-enter-a-credit-memo,,,,1,1,0,100.0,1.0,1.0,1.0,0.0,0.0,0.0,100.0,100.0,100.0,2025-11-04 22:07,/workspaces/edx_trn_att/Inputs/SR04-Trn_Att_v2_20251104_1330.csv,/workspaces/edx_trn_att/Outputs/ModMstr/module_catalog_20251104_2117.csv
04-enter-and-process-expense-invoice,,,,2,2,0,100.0,1.0,1.0,1.0,0.0,0.0,0.0,97.0,97.0,97.0,2025-11-04 22:07,/workspaces/edx_trn_att/Inputs/SR04-Trn_Att_v2_20251104_1330.csv,/workspaces/edx_trn_att/Outputs/ModMstr/module_catalog_20251104_2117.csv
04-grant-authority-to-an-operator,,,,1,0,1,0.0,,,,,,,,,,2025-11-04 22:07,/workspaces/edx_trn_att/Inputs/SR04-Trn_Att_v2_20251104_1330.csv,/workspaces/edx_trn_att/Outputs/ModMstr/module_catalog_20251104_2117.csv
04-print-customer-order-pick-ticket,,,,24,18,6,75.0,1.0,1.0555555555555556,2.0,0.0,0.001851851851851852,0.03333333333333333,86.0,97.42105263157895,100.0,2025-11-04 22:07,/workspaces/edx_trn_att/Inputs/SR04-Trn_Att_v2_20251104_1330.csv,/workspaces/edx_trn_att/Outputs/ModMstr/module_catalog_20251104_2117.csv
04-set-up-accounts,,,,1,1,0,100.0,1.0,1.0,1.0,0.0,0.0,0.0,88.0,88.0,88.0,2025-11-04 22:07,/workspaces/edx_trn_att/Inputs/SR04-Trn_Att_v2_20251104_1330.csv,/workspaces/edx_trn_att/Outputs/ModMstr/module_catalog_20251104_2117.csv
04-ship-warehouse-transfer,,,,1,1,0,100.0,1.0,1.0,1.0,0.0,0.0,0.0,100.0,100.0,100.0,2025-11-04 22:07,/workspaces/edx_trn_att/Inputs/SR04-Trn_Att_v2_20251104_1330.csv,/workspaces/edx_trn_att/Outputs/ModMstr/module_catalog_20251104_2117.csv
045create-warehouse-transfer,,,,3,1,2,33.333333333333336,1.0,1.0,1.0,0.0,0.0,0.0,89.0,89.0,89.0,2025-11-04 22:07,/workspaces/edx_trn_att/Inputs/SR04-Trn_Att_v2_20251104_1330.csv,/workspaces/edx_trn_att/Outputs/ModMstr/module_catalog_20251104_2117.csv
04accumulative-pos,,,,1,0,1,0.0,,,,,,,,,,2025-11-04 22:07,/workspaces/edx_trn_att/Inputs/SR04-Trn_Att_v2_20251104_1330.csv,/workspaces/edx_trn_att/Outputs/ModMstr/module_catalog_20251104_2117.csv
04add-comments-notes-to-customer-sales-order,,,,5,3,2,60.0,1.0,1.0,1.0,0.0,0.0,0.0,100.0,100.0,100.0,2025-11-04 22:07,/workspaces/edx_trn_att/Inputs/SR04-Trn_Att_v2_20251104_1330.csv,/workspaces/edx_trn_att/Outputs/ModMstr/module_catalog_20251104_2117.csv
04add-re-rent-items,,,,2,1,1,50.0,1.0,1.0,1.0,0.0,0.0,0.0,,,,2025-11-04 22:07,/workspaces/edx_trn_att/Inputs/SR04-Trn_Att_v2_20251104_1330.csv,/workspaces/edx_trn_att/Outputs/ModMstr/module_catalog_20251104_2117.csv
04arrt-run-trial-balance-report,,,,2,1,1,50.0,1.0,1.0,1.0,0.0,0.0,0.0,92.0,92.0,92.0,2025-11-04 22:07,/workspaces/edx_trn_att/Inputs/SR04-Trn_Att_v2_20251104_1330.csv,/workspaces/edx_trn_att/Outputs/ModMstr/module_catalog_20251104_2117.csv
04bill-contract,,,,2,0,2,0.0,,,,,,,,,,2025-11-04 22:07,/workspaces/edx_trn_att/Inputs/SR04-Trn_Att_v2_20251104_1330.csv,/workspaces/edx_trn_att/Outputs/ModMstr/module_catalog_20251104_2117.csv
04change-operations,,,,2,1,1,50.0,1.0,1.0,1.0,0.0,0.0,0.0,100.0,100.0,100.0,2025-11-04 22:07,/workspaces/edx_trn_att/Inputs/SR04-Trn_Att_v2_20251104_1330.csv,/workspaces/edx_trn_att/Outputs/ModMstr/module_catalog_20251104_2117.csv
04change-vendor-invoice---due-date-discount-rate-1,,,,2,2,0,100.0,1.0,1.0,1.0,0.0,0.0,0.0,100.0,100.0,100.0,2025-11-04 22:07,/workspaces/edx_trn_att/Inputs/SR04-Trn_Att_v2_20251104_1330.csv,/workspaces/edx_trn_att/Outputs/ModMstr/module_catalog_20251104_2117.csv
04create-a-release,,,,1,0,1,0.0,,,,,,,,,,2025-11-04 22:07,/workspaces/edx_trn_att/Inputs/SR04-Trn_Att_v2_20251104_1330.csv,/workspaces/edx_trn_att/Outputs/ModMstr/module_catalog_20251104_2117.csv
04enter-a-customer-sales-order-and-record-tender-payments-1,,,,2,0,2,0.0,,,,,,,,,,2025-11-04 22:07,/workspaces/edx_trn_att/Inputs/SR04-Trn_Att_v2_20251104_1330.csv,/workspaces/edx_trn_att/Outputs/ModMstr/module_catalog_20251104_2117.csv
04enter-the-count-into-csd-using-count-entry-function,,,,3,1,2,33.333333333333336,1.0,1.0,1.0,0.0,0.0,0.0,,,,2025-11-04 22:07,/workspaces/edx_trn_att/Inputs/SR04-Trn_Att_v2_20251104_1330.csv,/workspaces/edx_trn_att/Outputs/ModMstr/module_catalog_20251104_2117.csv
04finish-the-purchase-order,,,,3,1,2,33.333333333333336,1.0,1.0,1.0,0.0,0.0,0.0,81.0,81.0,81.0,2025-11-04 22:07,/workspaces/edx_trn_att/Inputs/SR04-Trn_Att_v2_20251104_1330.csv,/workspaces/edx_trn_att/Outputs/ModMstr/module_catalog_20251104_2117.csv
04generate-ic-admin-inventory-classification-and-rank-report,,,,1,0,1,0.0,,,,,,,,,,2025-11-04 22:07,/workspaces/edx_trn_att/Inputs/SR04-Trn_Att_v2_20251104_1330.csv,/workspaces/edx_trn_att/Outputs/ModMstr/module_catalog_20251104_2117.csv
04maintaining-a-warehouse-tranfer,,,,1,0,1,0.0,,,,,,,,,,2025-11-04 22:07,/workspaces/edx_trn_att/Inputs/SR04-Trn_Att_v2_20251104_1330.csv,/workspaces/edx_trn_att/Outputs/ModMstr/module_catalog_20251104_2117.csv
04perform-a-credit-review-on-a-customer-account,,,,1,1,0,100.0,1.0,1.0,1.0,0.0,0.0,0.0,100.0,100.0,100.0,2025-11-04 22:07,/workspaces/edx_trn_att/Inputs/SR04-Trn_Att_v2_20251104_1330.csv,/workspaces/edx_trn_att/Outputs/ModMstr/module_catalog_20251104_2117.csv
04print-gap-report,,,,1,0,1,0.0,,,,,,,,,,2025-11-04 22:07,/workspaces/edx_trn_att/Inputs/SR04-Trn_Att_v2_20251104_1330.csv,/workspaces/edx_trn_att/Outputs/ModMstr/module_catalog_20251104_2117.csv
04quick-create-sro-1,,,,1,0,1,0.0,,,,,,,,,,2025-11-04 22:07,/workspaces/edx_trn_att/Inputs/SR04-Trn_Att_v2_20251104_1330.csv,/workspaces/edx_trn_att/Outputs/ModMstr/module_catalog_20251104_2117.csv
04returned-check,,,,2,0,2,0.0,,,,,,,,,,2025-11-04 22:07,/workspaces/edx_trn_att/Inputs/SR04-Trn_Att_v2_20251104_1330.csv,/workspaces/edx_trn_att/Outputs/ModMstr/module_catalog_20251104_2117.csv
04review-line-item-details,,,,2,1,1,50.0,1.0,1.0,1.0,0.0,0.0,0.0,100.0,100.0,100.0,2025-11-04 22:07,/workspaces/edx_trn_att/Inputs/SR04-Trn_Att_v2_20251104_1330.csv,/workspaces/edx_trn_att/Outputs/ModMstr/module_catalog_20251104_2117.csv
04view-job-in-bidding-calendar,,,,1,1,0,100.0,1.0,1.0,1.0,0.0,0.0,0.0,100.0,100.0,100.0,2025-11-04 22:07,/workspaces/edx_trn_att/Inputs/SR04-Trn_Att_v2_20251104_1330.csv,/workspaces/edx_trn_att/Outputs/ModMstr/module_catalog_20251104_2117.csv
04view-units-of-measure,,,,2,2,0,100.0,1.0,1.0,1.0,0.0,0.0,0.0,100.0,100.0,100.0,2025-11-04 22:07,/workspaces/edx_trn_att/Inputs/SR04-Trn_Att_v2_20251104_1330.csv,/workspaces/edx_trn_att/Outputs/ModMstr/module_catalog_20251104_2117.csv
05-account-inquiry-and-report,,,,1,1,0,100.0,1.0,1.0,1.0,0.0,0.0,0.0,100.0,100.0,100.0,2025-11-04 22:07,/workspaces/edx_trn_att/Inputs/SR04-Trn_Att_v2_20251104_1330.csv,/workspaces/edx_trn_att/Outputs/ModMstr/module_catalog_20251104_2117.csv
05-apply-payment-with-debit-memo,,,,1,1,0,100.0,1.0,1.0,1.0,0.0,0.0,0.0,100.0,100.0,100.0,2025-11-04 22:07,/workspaces/edx_trn_att/Inputs/SR04-Trn_Att_v2_20251104_1330.csv,/workspaces/edx_trn_att/Outputs/ModMstr/module_catalog_20251104_2117.csv
05-assign-serial-numbers-to-transfer-during-shipping,,,,1,1,0,100.0,1.0,1.0,1.0,0.0,0.0,0.0,100.0,100.0,100.0,2025-11-04 22:07,/workspaces/edx_trn_att/Inputs/SR04-Trn_Att_v2_20251104_1330.csv,/workspaces/edx_trn_att/Outputs/ModMstr/module_catalog_20251104_2117.csv
05-copy-pricing-record-to-new-customer,,,,1,1,0,100.0,1.0,1.0,1.0,0.0,0.0,0.0,100.0,100.0,100.0,2025-11-04 22:07,/workspaces/edx_trn_att/Inputs/SR04-Trn_Att_v2_20251104_1330.csv,/workspaces/edx_trn_att/Outputs/ModMstr/module_catalog_20251104_2117.csv
05-inquire-on-vendor-info,,,,2,2,0,100.0,1.0,1.0,1.0,0.0,0.0,0.0,91.0,95.5,100.0,2025-11-04 22:07,/workspaces/edx_trn_att/Inputs/SR04-Trn_Att_v2_20251104_1330.csv,/workspaces/edx_trn_att/Outputs/ModMstr/module_catalog_20251104_2117.csv
05-lookups-and-search-features,,,,25,21,4,84.0,1.0,1.0952380952380953,2.0,0.0,0.0,0.0,81.0,95.36363636363636,100.0,2025-11-04 22:07,/workspaces/edx_trn_att/Inputs/SR04-Trn_Att_v2_20251104_1330.csv,/workspaces/edx_trn_att/Outputs/ModMstr/module_catalog_20251104_2117.csv
05-move-non-stock-item-to-stock-item,,,,1,0,1,0.0,,,,,,,,,,2025-11-04 22:07,/workspaces/edx_trn_att/Inputs/SR04-Trn_Att_v2_20251104_1330.csv,/workspaces/edx_trn_att/Outputs/ModMstr/module_catalog_20251104_2117.csv
05-review-taxes-totals-payments-for-stock-customer-sales-order,,,,22,21,1,95.45454545454545,1.0,1.0952380952380953,3.0,0.0,3.7095238095238097,77.9,93.0,99.68181818181819,100.0,2025-11-04 22:07,/workspaces/edx_trn_att/Inputs/SR04-Trn_Att_v2_20251104_1330.csv,/workspaces/edx_trn_att/Outputs/ModMstr/module_catalog_20251104_2117.csv
05-ship-sales-order,,,,23,17,6,73.91304347826087,1.0,1.0588235294117647,2.0,0.0,0.853921568627451,14.516666666666667,84.0,98.47058823529412,100.0,2025-11-04 22:07,/workspaces/edx_trn_att/Inputs/SR04-Trn_Att_v2_20251104_1330.csv,/workspaces/edx_trn_att/Outputs/ModMstr/module_catalog_20251104_2117.csv
05add-bidder-details-to-project-entry,,,,1,1,0,100.0,1.0,1.0,1.0,0.0,0.0,0.0,,,,2025-11-04 22:07,/workspaces/edx_trn_att/Inputs/SR04-Trn_Att_v2_20251104_1330.csv,/workspaces/edx_trn_att/Outputs/ModMstr/module_catalog_20251104_2117.csv
05add-special-order-product-to-sales-order,,,,4,3,1,75.0,1.0,1.0,1.0,0.0,0.0,0.0,84.0,96.0,100.0,2025-11-04 22:07,/workspaces/edx_trn_att/Inputs/SR04-Trn_Att_v2_20251104_1330.csv,/workspaces/edx_trn_att/Outputs/ModMstr/module_catalog_20251104_2117.csv
05add-sro-lines,,,,2,0,2,0.0,,,,,,,,,,2025-11-04 22:07,/workspaces/edx_trn_att/Inputs/SR04-Trn_Att_v2_20251104_1330.csv,/workspaces/edx_trn_att/Outputs/ModMstr/module_catalog_20251104_2117.csv
05apply-payment-to-invoice,,,,2,2,0,100.0,1.0,1.0,1.0,0.0,0.0,0.0,94.0,97.0,100.0,2025-11-04 22:07,/workspaces/edx_trn_att/Inputs/SR04-Trn_Att_v2_20251104_1330.csv,/workspaces/edx_trn_att/Outputs/ModMstr/module_catalog_20251104_2117.csv
05arrp-period-analysis-report,,,,2,1,1,50.0,1.0,1.0,1.0,0.0,0.0,0.0,100.0,100.0,100.0,2025-11-04 22:07,/workspaces/edx_trn_att/Inputs/SR04-Trn_Att_v2_20251104_1330.csv,/workspaces/edx_trn_att/Outputs/ModMstr/module_catalog_20251104_2117.csv
05locate-po-using-po-inquiry,,,,2,1,1,50.0,1.0,1.0,1.0,0.0,0.0,0.0,87.0,87.0,87.0,2025-11-04 22:07,/workspaces/edx_trn_att/Inputs/SR04-Trn_Att_v2_20251104_1330.csv,/workspaces/edx_trn_att/Outputs/ModMstr/module_catalog_20251104_2117.csv
05manually-apply-hold-and-approve-held-order,,,,4,2,2,50.0,1.0,1.0,1.0,0.0,0.0,0.0,100.0,100.0,100.0,2025-11-04 22:07,/workspaces/edx_trn_att/Inputs/SR04-Trn_Att_v2_20251104_1330.csv,/workspaces/edx_trn_att/Outputs/ModMstr/module_catalog_20251104_2117.csv
05notes-on-a-warehouse-transfer,,,,1,0,1,0.0,,,,,,,,,,2025-11-04 22:07,/workspaces/edx_trn_att/Inputs/SR04-Trn_Att_v2_20251104_1330.csv,/workspaces/edx_trn_att/Outputs/ModMstr/module_catalog_20251104_2117.csv
05perform-shipping-feedback-to-ship-order,,,,3,2,1,66.66666666666667,1.0,1.0,1.0,0.0,0.0,0.0,86.0,86.0,86.0,2025-11-04 22:07,/workspaces/edx_trn_att/Inputs/SR04-Trn_Att_v2_20251104_1330.csv,/workspaces/edx_trn_att/Outputs/ModMstr/module_catalog_20251104_2117.csv
05print-surplus-stock-report,,,,1,0,1,0.0,,,,,,,,,,2025-11-04 22:07,/workspaces/edx_trn_att/Inputs/SR04-Trn_Att_v2_20251104_1330.csv,/workspaces/edx_trn_att/Outputs/ModMstr/module_catalog_20251104_2117.csv
05returning-a-core-product,,,,1,0,1,0.0,,,,,,,,,,2025-11-04 22:07,/workspaces/edx_trn_att/Inputs/SR04-Trn_Att_v2_20251104_1330.csv,/workspaces/edx_trn_att/Outputs/ModMstr/module_catalog_20251104_2117.csv
05run-the-reconciliation-report,,,,3,1,2,33.333333333333336,1.0,1.0,1.0,0.0,0.0,0.0,,,,2025-11-04 22:07,/workspaces/edx_trn_att/Inputs/SR04-Trn_Att_v2_20251104_1330.csv,/workspaces/edx_trn_att/Outputs/ModMstr/module_catalog_20251104_2117.csv
05set-up-split-payment-for-invoice-in-entered-stage,,,,2,2,0,100.0,1.0,1.0,1.0,0.0,0.0,0.0,81.0,93.66666666666667,100.0,2025-11-04 22:07,/workspaces/edx_trn_att/Inputs/SR04-Trn_Att_v2_20251104_1330.csv,/workspaces/edx_trn_att/Outputs/ModMstr/module_catalog_20251104_2117.csv
06-add-gl-accounts-to-vendor,,,,1,1,0,100.0,1.0,1.0,1.0,0.0,0.0,0.0,100.0,100.0,100.0,2025-11-04 22:07,/workspaces/edx_trn_att/Inputs/SR04-Trn_Att_v2_20251104_1330.csv,/workspaces/edx_trn_att/Outputs/ModMstr/module_catalog_20251104_2117.csv
06-add-note-using-notes-context-app,,,,27,22,5,81.48148148148148,1.0,1.0454545454545454,2.0,0.0,0.0007575757575757576,0.016666666666666666,88.0,97.14285714285714,100.0,2025-11-04 22:07,/workspaces/edx_trn_att/Inputs/SR04-Trn_Att_v2_20251104_1330.csv,/workspaces/edx_trn_att/Outputs/ModMstr/module_catalog_20251104_2117.csv
06-change-vendor-invoice---due-date-discount-rate,,,,3,2,1,66.66666666666667,1.0,1.0,1.0,0.0,0.0,0.0,100.0,100.0,100.0,2025-11-04 22:07,/workspaces/edx_trn_att/Inputs/SR04-Trn_Att_v2_20251104_1330.csv,/workspaces/edx_trn_att/Outputs/ModMstr/module_catalog_20251104_2117.csv
06-create-price-record-set,,,,1,1,0,100.0,1.0,1.0,1.0,0.0,0.0,0.0,100.0,100.0,100.0,2025-11-04 22:07,/workspaces/edx_trn_att/Inputs/SR04-Trn_Att_v2_20251104_1330.csv,/workspaces/edx_trn_att/Outputs/ModMstr/module_catalog_20251104_2117.csv
06-inquire-on-a-product,,,,1,0,1,0.0,,,,,,,,,,2025-11-04 22:07,/workspaces/edx_trn_att/Inputs/SR04-Trn_Att_v2_20251104_1330.csv,/workspaces/edx_trn_att/Outputs/ModMstr/module_catalog_20251104_2117.csv
06-invoice-sales-order,,,,24,19,5,79.16666666666667,1.0,1.0526315789473684,2.0,0.0,0.0043859649122807015,0.08333333333333333,83.0,92.16666666666667,100.0,2025-11-04 22:07,/workspaces/edx_trn_att/Inputs/SR04-Trn_Att_v2_20251104_1330.csv,/workspaces/edx_trn_att/Outputs/ModMstr/module_catalog_20251104_2117.csv
06-perform-lookups-in-customer-sales-order,,,,22,20,2,90.9090909090909,1.0,1.15,3.0,0.0,11.908333333333333,238.13333333333333,84.0,96.8,100.0,2025-11-04 22:07,/workspaces/edx_trn_att/Inputs/SR04-Trn_Att_v2_20251104_1330.csv,/workspaces/edx_trn_att/Outputs/ModMstr/module_catalog_20251104_2117.csv
06-print-pre-receiving-report,,,,2,1,1,50.0,1.0,1.0,1.0,0.0,0.0,0.0,100.0,100.0,100.0,2025-11-04 22:07,/workspaces/edx_trn_att/Inputs/SR04-Trn_Att_v2_20251104_1330.csv,/workspaces/edx_trn_att/Outputs/ModMstr/module_catalog_20251104_2117.csv
06-reverse-a-transaction,,,,1,1,0,100.0,1.0,1.0,1.0,0.0,0.0,0.0,100.0,100.0,100.0,2025-11-04 22:07,/workspaces/edx_trn_att/Inputs/SR04-Trn_Att_v2_20251104_1330.csv,/workspaces/edx_trn_att/Outputs/ModMstr/module_catalog_20251104_2117.csv
06accept-replenishments,,,,2,1,1,50.0,1.0,1.0,1.0,0.0,0.0,0.0,100.0,100.0,100.0,2025-11-04 22:07,/workspaces/edx_trn_att/Inputs/SR04-Trn_Att_v2_20251104_1330.csv,/workspaces/edx_trn_att/Outputs/ModMstr/module_catalog_20251104_2117.csv
06add-operations-1,,,,2,0,2,0.0,,,,,,,,,,2025-11-04 22:07,/workspaces/edx_trn_att/Inputs/SR04-Trn_Att_v2_20251104_1330.csv,/workspaces/edx_trn_att/Outputs/ModMstr/module_catalog_20251104_2117.csv
06apply-payment-to-multiple-invoices,,,,2,2,0,100.0,1.0,1.0,1.0,0.0,0.0,0.0,94.0,98.0,100.0,2025-11-04 22:07,/workspaces/edx_trn_att/Inputs/SR04-Trn_Att_v2_20251104_1330.csv,/workspaces/edx_trn_att/Outputs/ModMstr/module_catalog_20251104_2117.csv
06canceling-a-warehouse-transfer,,,,1,0,1,0.0,,,,,,,,,,2025-11-04 22:07,/workspaces/edx_trn_att/Inputs/SR04-Trn_Att_v2_20251104_1330.csv,/workspaces/edx_trn_att/Outputs/ModMstr/module_catalog_20251104_2117.csv
06change-payment-to-split-payment-schedule,,,,1,1,0,100.0,1.0,1.0,1.0,0.0,0.0,0.0,100.0,100.0,100.0,2025-11-04 22:07,/workspaces/edx_trn_att/Inputs/SR04-Trn_Att_v2_20251104_1330.csv,/workspaces/edx_trn_att/Outputs/ModMstr/module_catalog_20251104_2117.csv
06change-po,,,,2,1,1,50.0,1.0,1.0,1.0,0.0,0.0,0.0,100.0,100.0,100.0,2025-11-04 22:07,/workspaces/edx_trn_att/Inputs/SR04-Trn_Att_v2_20251104_1330.csv,/workspaces/edx_trn_att/Outputs/ModMstr/module_catalog_20251104_2117.csv
06enter-a-non-stock-product-on-an-order,,,,2,0,2,0.0,,,,,,,,,,2025-11-04 22:07,/workspaces/edx_trn_att/Inputs/SR04-Trn_Att_v2_20251104_1330.csv,/workspaces/edx_trn_att/Outputs/ModMstr/module_catalog_20251104_2117.csv
06returning-an-acknowledged-po-to-the-printed-stage,,,,1,0,1,0.0,,,,,,,,,,2025-11-04 22:07,/workspaces/edx_trn_att/Inputs/SR04-Trn_Att_v2_20251104_1330.csv,/workspaces/edx_trn_att/Outputs/ModMstr/module_catalog_20251104_2117.csv
06review-exception-processing-center-screen,,,,1,0,1,0.0,,,,,,,,,,2025-11-04 22:07,/workspaces/edx_trn_att/Inputs/SR04-Trn_Att_v2_20251104_1330.csv,/workspaces/edx_trn_att/Outputs/ModMstr/module_catalog_20251104_2117.csv
06run-ar-year-end-processing-report,,,,2,1,1,50.0,1.0,1.0,1.0,0.0,0.0,0.0,88.0,88.0,88.0,2025-11-04 22:07,/workspaces/edx_trn_att/Inputs/SR04-Trn_Att_v2_20251104_1330.csv,/workspaces/edx_trn_att/Outputs/ModMstr/module_catalog_20251104_2117.csv
06suspend-an-order,,,,6,3,3,50.0,1.0,1.0,1.0,0.0,0.0,0.0,100.0,100.0,100.0,2025-11-04 22:07,/workspaces/edx_trn_att/Inputs/SR04-Trn_Att_v2_20251104_1330.csv,/workspaces/edx_trn_att/Outputs/ModMstr/module_catalog_20251104_2117.csv
07-apply-customer-payment-to-invoice,,,,24,17,7,70.83333333333333,1.0,1.0,1.0,0.0,0.0,0.0,92.0,97.33333333333333,100.0,2025-11-04 22:07,/workspaces/edx_trn_att/Inputs/SR04-Trn_Att_v2_20251104_1330.csv,/workspaces/edx_trn_att/Outputs/ModMstr/module_catalog_20251104_2117.csv
07-apply-payment-to-invoice,,,,1,1,0,100.0,1.0,1.0,1.0,0.0,0.0,0.0,100.0,100.0,100.0,2025-11-04 22:07,/workspaces/edx_trn_att/Inputs/SR04-Trn_Att_v2_20251104_1330.csv,/workspaces/edx_trn_att/Outputs/ModMstr/module_catalog_20251104_2117.csv
07-enter-quote-order,,,,22,21,1,95.45454545454545,1.0,1.0952380952380953,3.0,0.0,0.0007936507936507937,0.016666666666666666,91.0,98.80952380952381,100.0,2025-11-04 22:07,/workspaces/edx_trn_att/Inputs/SR04-Trn_Att_v2_20251104_1330.csv,/workspaces/edx_trn_att/Outputs/ModMstr/module_catalog_20251104_2117.csv
07-load-price-set-to-pd-mass-maintenance,,,,1,0,1,0.0,,,,,,,,,,2025-11-04 22:07,/workspaces/edx_trn_att/Inputs/SR04-Trn_Att_v2_20251104_1330.csv,/workspaces/edx_trn_att/Outputs/ModMstr/module_catalog_20251104_2117.csv
07-open-help-context-app,,,,26,23,3,88.46153846153847,1.0,1.0869565217391304,2.0,0.0,0.7007246376811594,16.033333333333335,90.0,98.69565217391305,100.0,2025-11-04 22:07,/workspaces/edx_trn_att/Inputs/SR04-Trn_Att_v2_20251104_1330.csv,/workspaces/edx_trn_att/Outputs/ModMstr/module_catalog_20251104_2117.csv
07-receive-po,,,,1,1,0,100.0,1.0,1.0,1.0,0.0,0.0,0.0,100.0,100.0,100.0,2025-11-04 22:07,/workspaces/edx_trn_att/Inputs/SR04-Trn_Att_v2_20251104_1330.csv,/workspaces/edx_trn_att/Outputs/ModMstr/module_catalog_20251104_2117.csv
07-set-up-bank-and-add-to-vendor,,,,1,1,0,100.0,1.0,1.0,1.0,0.0,0.0,0.0,100.0,100.0,100.0,2025-11-04 22:07,/workspaces/edx_trn_att/Inputs/SR04-Trn_Att_v2_20251104_1330.csv,/workspaces/edx_trn_att/Outputs/ModMstr/module_catalog_20251104_2117.csv
07-set-up-split-payment-for-invoice-in-entered-stage,,,,2,2,0,100.0,1.0,1.0,1.0,0.0,0.0,0.0,100.0,100.0,100.0,2025-11-04 22:07,/workspaces/edx_trn_att/Inputs/SR04-Trn_Att_v2_20251104_1330.csv,/workspaces/edx_trn_att/Outputs/ModMstr/module_catalog_20251104_2117.csv
07add-planned-transactions,,,,1,0,1,0.0,,,,,,,,,,2025-11-04 22:07,/workspaces/edx_trn_att/Inputs/SR04-Trn_Att_v2_20251104_1330.csv,/workspaces/edx_trn_att/Outputs/ModMstr/module_catalog_20251104_2117.csv
07adjust-rarr-quantities-using-increase-decrease-function-in-po-demand-center,,,,2,2,0,100.0,1.0,1.0,1.0,0.0,0.0,0.0,96.0,97.33333333333333,100.0,2025-11-04 22:07,/workspaces/edx_trn_att/Inputs/SR04-Trn_Att_v2_20251104_1330.csv,/workspaces/edx_trn_att/Outputs/ModMstr/module_catalog_20251104_2117.csv
07apply-payment-to-oldest-invoice,,,,2,1,1,50.0,1.0,1.0,1.0,0.0,0.0,0.0,100.0,100.0,100.0,2025-11-04 22:07,/workspaces/edx_trn_att/Inputs/SR04-Trn_Att_v2_20251104_1330.csv,/workspaces/edx_trn_att/Outputs/ModMstr/module_catalog_20251104_2117.csv
07copy-po,,,,1,0,1,0.0,,,,,,,,,,2025-11-04 22:07,/workspaces/edx_trn_att/Inputs/SR04-Trn_Att_v2_20251104_1330.csv,/workspaces/edx_trn_att/Outputs/ModMstr/module_catalog_20251104_2117.csv
07edit-entered-counts,,,,4,1,3,25.0,1.0,1.0,1.0,0.0,0.0,0.0,,,,2025-11-04 22:07,/workspaces/edx_trn_att/Inputs/SR04-Trn_Att_v2_20251104_1330.csv,/workspaces/edx_trn_att/Outputs/ModMstr/module_catalog_20251104_2117.csv
07perform-a-reversal,,,,2,2,0,100.0,1.0,1.0,1.0,0.0,0.0,0.0,95.0,98.33333333333333,100.0,2025-11-04 22:07,/workspaces/edx_trn_att/Inputs/SR04-Trn_Att_v2_20251104_1330.csv,/workspaces/edx_trn_att/Outputs/ModMstr/module_catalog_20251104_2117.csv
07run-wt-entry-recommended-replenishment-action-report,,,,2,1,1,50.0,1.0,1.0,1.0,0.0,0.0,0.0,,,,2025-11-04 22:07,/workspaces/edx_trn_att/Inputs/SR04-Trn_Att_v2_20251104_1330.csv,/workspaces/edx_trn_att/Outputs/ModMstr/module_catalog_20251104_2117.csv
07tying-a-po-rm-to-a-sales-order-line,,,,1,0,1,0.0,,,,,,,,,,2025-11-04 22:07,/workspaces/edx_trn_att/Inputs/SR04-Trn_Att_v2_20251104_1330.csv,/workspaces/edx_trn_att/Outputs/ModMstr/module_catalog_20251104_2117.csv
07tying-a-warehouse-transfer-to-a-customer-order,,,,1,0,1,0.0,,,,,,,,,,2025-11-04 22:07,/workspaces/edx_trn_att/Inputs/SR04-Trn_Att_v2_20251104_1330.csv,/workspaces/edx_trn_att/Outputs/ModMstr/module_catalog_20251104_2117.csv
08-apply-payment-to-multiple-invoices,,,,1,1,0,100.0,1.0,1.0,1.0,0.0,0.0,0.0,100.0,100.0,100.0,2025-11-04 22:07,/workspaces/edx_trn_att/Inputs/SR04-Trn_Att_v2_20251104_1330.csv,/workspaces/edx_trn_att/Outputs/ModMstr/module_catalog_20251104_2117.csv
08-change-payment-to-split-payment-schedule,,,,2,2,0,100.0,1.0,1.0,1.0,0.0,0.0,0.0,100.0,100.0,100.0,2025-11-04 22:07,/workspaces/edx_trn_att/Inputs/SR04-Trn_Att_v2_20251104_1330.csv,/workspaces/edx_trn_att/Outputs/ModMstr/module_catalog_20251104_2117.csv
08-copy-quote-order-to-a-stock-order,,,,22,21,1,95.45454545454545,1.0,1.0476190476190477,2.0,0.0,0.0,0.0,90.0,98.57142857142857,100.0,2025-11-04 22:07,/workspaces/edx_trn_att/Inputs/SR04-Trn_Att_v2_20251104_1330.csv,/workspaces/edx_trn_att/Outputs/ModMstr/module_catalog_20251104_2117.csv
08-create-a-po,,,,26,20,6,76.92307692307692,1.0,1.05,2.0,0.0,0.0016666666666666666,0.03333333333333333,83.0,98.35,100.0,2025-11-04 22:07,/workspaces/edx_trn_att/Inputs/SR04-Trn_Att_v2_20251104_1330.csv,/workspaces/edx_trn_att/Outputs/ModMstr/module_catalog_20251104_2117.csv
08-enter-real-time-journal,,,,1,1,0,100.0,1.0,1.0,1.0,0.0,0.0,0.0,100.0,100.0,100.0,2025-11-04 22:07,/workspaces/edx_trn_att/Inputs/SR04-Trn_Att_v2_20251104_1330.csv,/workspaces/edx_trn_att/Outputs/ModMstr/module_catalog_20251104_2117.csv
08-export-pricing-data-to-excel,,,,2,0,2,0.0,,,,,,,,,,2025-11-04 22:07,/workspaces/edx_trn_att/Inputs/SR04-Trn_Att_v2_20251104_1330.csv,/workspaces/edx_trn_att/Outputs/ModMstr/module_catalog_20251104_2117.csv
08-print-a-report,,,,24,19,5,79.16666666666667,1.0,1.105263157894737,2.0,0.0,2.1517543859649124,40.86666666666667,83.0,95.94736842105263,100.0,2025-11-04 22:07,/workspaces/edx_trn_att/Inputs/SR04-Trn_Att_v2_20251104_1330.csv,/workspaces/edx_trn_att/Outputs/ModMstr/module_catalog_20251104_2117.csv
08-print-count-sheets,,,,1,0,1,0.0,,,,,,,,,,2025-11-04 22:07,/workspaces/edx_trn_att/Inputs/SR04-Trn_Att_v2_20251104_1330.csv,/workspaces/edx_trn_att/Outputs/ModMstr/module_catalog_20251104_2117.csv
08-short-receive-po,,,,1,1,0,100.0,1.0,1.0,1.0,0.0,0.0,0.0,100.0,100.0,100.0,2025-11-04 22:07,/workspaces/edx_trn_att/Inputs/SR04-Trn_Att_v2_20251104_1330.csv,/workspaces/edx_trn_att/Outputs/ModMstr/module_catalog_20251104_2117.csv
08add-a-non-stock,,,,1,0,1,0.0,,,,,,,,,,2025-11-04 22:07,/workspaces/edx_trn_att/Inputs/SR04-Trn_Att_v2_20251104_1330.csv,/workspaces/edx_trn_att/Outputs/ModMstr/module_catalog_20251104_2117.csv
08correcting-an-over-under-receipt,,,,1,0,1,0.0,,,,,,,,,,2025-11-04 22:07,/workspaces/edx_trn_att/Inputs/SR04-Trn_Att_v2_20251104_1330.csv,/workspaces/edx_trn_att/Outputs/ModMstr/module_catalog_20251104_2117.csv
08create-quote-po-with-notes-and-comments,,,,1,0,1,0.0,,,,,,,,,,2025-11-04 22:07,/workspaces/edx_trn_att/Inputs/SR04-Trn_Att_v2_20251104_1330.csv,/workspaces/edx_trn_att/Outputs/ModMstr/module_catalog_20251104_2117.csv
08enter-a-credit-memo-1,,,,2,1,1,50.0,1.0,1.0,1.0,0.0,0.0,0.0,100.0,100.0,100.0,2025-11-04 22:07,/workspaces/edx_trn_att/Inputs/SR04-Trn_Att_v2_20251104_1330.csv,/workspaces/edx_trn_att/Outputs/ModMstr/module_catalog_20251104_2117.csv
08make-a-product-serialized,,,,1,0,1,0.0,,,,,,,,,,2025-11-04 22:07,/workspaces/edx_trn_att/Inputs/SR04-Trn_Att_v2_20251104_1330.csv,/workspaces/edx_trn_att/Outputs/ModMstr/module_catalog_20251104_2117.csv
08process-short-payment,,,,2,1,1,50.0,1.0,1.0,1.0,0.0,0.0,0.0,100.0,100.0,100.0,2025-11-04 22:07,/workspaces/edx_trn_att/Inputs/SR04-Trn_Att_v2_20251104_1330.csv,/workspaces/edx_trn_att/Outputs/ModMstr/module_catalog_20251104_2117.csv
08run-physical-count-sheet,,,,2,1,1,50.0,1.0,1.0,1.0,0.0,0.0,0.0,,,,2025-11-04 22:07,/workspaces/edx_trn_att/Inputs/SR04-Trn_Att_v2_20251104_1330.csv,/workspaces/edx_trn_att/Outputs/ModMstr/module_catalog_20251104_2117.csv
09-add-product-to-po-at-receiving,,,,1,1,0,100.0,1.0,1.0,1.0,0.0,0.0,0.0,100.0,100.0,100.0,2025-11-04 22:07,/workspaces/edx_trn_att/Inputs/SR04-Trn_Att_v2_20251104_1330.csv,/workspaces/edx_trn_att/Outputs/ModMstr/module_catalog_20251104_2117.csv
09-apply-payment-to-oldest-invoice,,,,1,1,0,100.0,1.0,1.0,1.0,0.0,0.0,0.0,100.0,100.0,100.0,2025-11-04 22:07,/workspaces/edx_trn_att/Inputs/SR04-Trn_Att_v2_20251104_1330.csv,/workspaces/edx_trn_att/Outputs/ModMstr/module_catalog_20251104_2117.csv
09-enter-a-direct-order,,,,22,20,2,90.9090909090909,1.0,1.15,3.0,0.0,7.314166666666667,146.28333333333333,89.0,96.28571428571429,100.0,2025-11-04 22:07,/workspaces/edx_trn_att/Inputs/SR04-Trn_Att_v2_20251104_1330.csv,/workspaces/edx_trn_att/Outputs/ModMstr/module_catalog_20251104_2117.csv
09-enter-counts,,,,1,0,1,0.0,,,,,,,,,,2025-11-04 22:07,/workspaces/edx_trn_att/Inputs/SR04-Trn_Att_v2_20251104_1330.csv,/workspaces/edx_trn_att/Outputs/ModMstr/module_catalog_20251104_2117.csv
09-import-pricing-data-from-excel,,,,1,0,1,0.0,,,,,,,,,,2025-11-04 22:07,/workspaces/edx_trn_att/Inputs/SR04-Trn_Att_v2_20251104_1330.csv,/workspaces/edx_trn_att/Outputs/ModMstr/module_catalog_20251104_2117.csv
09-perform-a-reversal,,,,2,2,0,100.0,1.0,1.0,1.0,0.0,0.0,0.0,100.0,100.0,100.0,2025-11-04 22:07,/workspaces/edx_trn_att/Inputs/SR04-Trn_Att_v2_20251104_1330.csv,/workspaces/edx_trn_att/Outputs/ModMstr/module_catalog_20251104_2117.csv
09-personalize-advanced-line-entry-view-in-order-entry,,,,24,20,4,83.33333333333333,1.0,1.15,2.0,0.0,0.024166666666666666,0.43333333333333335,86.0,95.5,100.0,2025-11-04 22:07,/workspaces/edx_trn_att/Inputs/SR04-Trn_Att_v2_20251104_1330.csv,/workspaces/edx_trn_att/Outputs/ModMstr/module_catalog_20251104_2117.csv
09-print-a-po,,,,25,21,4,84.0,1.0,1.0476190476190477,2.0,0.0,0.0,0.0,89.0,98.61904761904762,100.0,2025-11-04 22:07,/workspaces/edx_trn_att/Inputs/SR04-Trn_Att_v2_20251104_1330.csv,/workspaces/edx_trn_att/Outputs/ModMstr/module_catalog_20251104_2117.csv
09-set-up-batch,,,,1,1,0,100.0,1.0,1.0,1.0,0.0,0.0,0.0,100.0,100.0,100.0,2025-11-04 22:07,/workspaces/edx_trn_att/Inputs/SR04-Trn_Att_v2_20251104_1330.csv,/workspaces/edx_trn_att/Outputs/ModMstr/module_catalog_20251104_2117.csv
093run-results-report-in-icepw,,,,2,1,1,50.0,1.0,1.0,1.0,0.0,0.0,0.0,,,,2025-11-04 22:07,/workspaces/edx_trn_att/Inputs/SR04-Trn_Att_v2_20251104_1330.csv,/workspaces/edx_trn_att/Outputs/ModMstr/module_catalog_20251104_2117.csv
09apply-short-payment-with-write-off,,,,1,1,0,100.0,1.0,1.0,1.0,0.0,0.0,0.0,96.0,96.0,96.0,2025-11-04 22:07,/workspaces/edx_trn_att/Inputs/SR04-Trn_Att_v2_20251104_1330.csv,/workspaces/edx_trn_att/Outputs/ModMstr/module_catalog_20251104_2117.csv
09consolidate-multiple-rrars-for-different-vendor-product-lines-or-warehouses,,,,2,2,0,100.0,1.0,1.0,1.0,0.0,0.0,0.0,98.0,99.0,100.0,2025-11-04 22:07,/workspaces/edx_trn_att/Inputs/SR04-Trn_Att_v2_20251104_1330.csv,/workspaces/edx_trn_att/Outputs/ModMstr/module_catalog_20251104_2117.csv
09correcting-a-wrong-product-receipt,,,,1,0,1,0.0,,,,,,,,,,2025-11-04 22:07,/workspaces/edx_trn_att/Inputs/SR04-Trn_Att_v2_20251104_1330.csv,/workspaces/edx_trn_att/Outputs/ModMstr/module_catalog_20251104_2117.csv
09enter-a-misc-credit-1,,,,3,1,2,33.333333333333336,1.0,1.0,1.0,0.0,0.0,0.0,93.0,93.0,93.0,2025-11-04 22:07,/workspaces/edx_trn_att/Inputs/SR04-Trn_Att_v2_20251104_1330.csv,/workspaces/edx_trn_att/Outputs/ModMstr/module_catalog_20251104_2117.csv
09print-po,,,,1,0,1,0.0,,,,,,,,,,2025-11-04 22:07,/workspaces/edx_trn_att/Inputs/SR04-Trn_Att_v2_20251104_1330.csv,/workspaces/edx_trn_att/Outputs/ModMstr/module_catalog_20251104_2117.csv
10-copy-pricing-record-to-new-customer,,,,1,0,1,0.0,,,,,,,,,,2025-11-04 22:07,/workspaces/edx_trn_att/Inputs/SR04-Trn_Att_v2_20251104_1330.csv,/workspaces/edx_trn_att/Outputs/ModMstr/module_catalog_20251104_2117.csv
10-enter-a-batch-journal,,,,1,1,0,100.0,1.0,1.0,1.0,0.0,0.0,0.0,100.0,100.0,100.0,2025-11-04 22:07,/workspaces/edx_trn_att/Inputs/SR04-Trn_Att_v2_20251104_1330.csv,/workspaces/edx_trn_att/Outputs/ModMstr/module_catalog_20251104_2117.csv
10-enter-a-credit-memo,,,,2,2,0,100.0,1.0,1.0,1.0,0.0,0.0,0.0,100.0,100.0,100.0,2025-11-04 22:07,/workspaces/edx_trn_att/Inputs/SR04-Trn_Att_v2_20251104_1330.csv,/workspaces/edx_trn_att/Outputs/ModMstr/module_catalog_20251104_2117.csv
10-enter-counter-sales-order-and-record-tender-payments,,,,21,20,1,95.23809523809524,1.0,1.05,2.0,0.0,0.0008333333333333333,0.016666666666666666,80.0,97.25,100.0,2025-11-04 22:07,/workspaces/edx_trn_att/Inputs/SR04-Trn_Att_v2_20251104_1330.csv,/workspaces/edx_trn_att/Outputs/ModMstr/module_catalog_20251104_2117.csv
10-log-out-of-infor-distribution-sxe-and-infor-mingle,,,,25,22,3,88.0,1.0,1.0454545454545454,2.0,0.0,0.002272727272727273,0.05,88.0,98.85714285714286,100.0,2025-11-04 22:07,/workspaces/edx_trn_att/Inputs/SR04-Trn_Att_v2_20251104_1330.csv,/workspaces/edx_trn_att/Outputs/ModMstr/module_catalog_20251104_2117.csv
10-process-short-payment,,,,1,1,0,100.0,1.0,1.0,1.0,0.0,0.0,0.0,100.0,100.0,100.0,2025-11-04 22:07,/workspaces/edx_trn_att/Inputs/SR04-Trn_Att_v2_20251104_1330.csv,/workspaces/edx_trn_att/Outputs/ModMstr/module_catalog_20251104_2117.csv
10-receive-a-po,,,,25,21,4,84.0,1.0,1.0952380952380953,2.0,0.0,0.002380952380952381,0.03333333333333333,90.0,98.33333333333333,100.0,2025-11-04 22:07,/workspaces/edx_trn_att/Inputs/SR04-Trn_Att_v2_20251104_1330.csv,/workspaces/edx_trn_att/Outputs/ModMstr/module_catalog_20251104_2117.csv
10-receive-serialized-product,,,,1,1,0,100.0,1.0,1.0,1.0,0.0,0.0,0.0,100.0,100.0,100.0,2025-11-04 22:07,/workspaces/edx_trn_att/Inputs/SR04-Trn_Att_v2_20251104_1330.csv,/workspaces/edx_trn_att/Outputs/ModMstr/module_catalog_20251104_2117.csv
10apply-hold-and-approve-held-po-1,,,,1,0,1,0.0,,,,,,,,,,2025-11-04 22:07,/workspaces/edx_trn_att/Inputs/SR04-Trn_Att_v2_20251104_1330.csv,/workspaces/edx_trn_att/Outputs/ModMstr/module_catalog_20251104_2117.csv
10apply-payment-with-unearned-discount,,,,2,1,1,50.0,1.0,1.0,1.0,0.0,0.0,0.0,100.0,100.0,100.0,2025-11-04 22:07,/workspaces/edx_trn_att/Inputs/SR04-Trn_Att_v2_20251104_1330.csv,/workspaces/edx_trn_att/Outputs/ModMstr/module_catalog_20251104_2117.csv
10correcting-a-wrong-cost-receipt,,,,1,0,1,0.0,,,,,,,,,,2025-11-04 22:07,/workspaces/edx_trn_att/Inputs/SR04-Trn_Att_v2_20251104_1330.csv,/workspaces/edx_trn_att/Outputs/ModMstr/module_catalog_20251104_2117.csv
10enter-a-debit-memo,,,,2,1,1,50.0,1.0,1.0,1.0,0.0,0.0,0.0,96.0,96.0,96.0,2025-11-04 22:07,/workspaces/edx_trn_att/Inputs/SR04-Trn_Att_v2_20251104_1330.csv,/workspaces/edx_trn_att/Outputs/ModMstr/module_catalog_20251104_2117.csv
10receive-the-non-stock,,,,2,0,2,0.0,,,,,,,,,,2025-11-04 22:07,/workspaces/edx_trn_att/Inputs/SR04-Trn_Att_v2_20251104_1330.csv,/workspaces/edx_trn_att/Outputs/ModMstr/module_catalog_20251104_2117.csv
11-apply-short-payment-with-write-off,,,,1,1,0,100.0,1.0,1.0,1.0,0.0,0.0,0.0,100.0,100.0,100.0,2025-11-04 22:07,/workspaces/edx_trn_att/Inputs/SR04-Trn_Att_v2_20251104_1330.csv,/workspaces/edx_trn_att/Outputs/ModMstr/module_catalog_20251104_2117.csv
11-cost-po-to-vendor-invoice,,,,24,19,5,79.16666666666667,1.0,1.105263157894737,2.0,0.0,0.0017543859649122807,0.03333333333333333,83.0,97.15789473684211,100.0,2025-11-04 22:07,/workspaces/edx_trn_att/Inputs/SR04-Trn_Att_v2_20251104_1330.csv,/workspaces/edx_trn_att/Outputs/ModMstr/module_catalog_20251104_2117.csv
11-enter-a-misc-credit,,,,2,2,0,100.0,1.0,1.0,1.0,0.0,0.0,0.0,95.0,97.5,100.0,2025-11-04 22:07,/workspaces/edx_trn_att/Inputs/SR04-Trn_Att_v2_20251104_1330.csv,/workspaces/edx_trn_att/Outputs/ModMstr/module_catalog_20251104_2117.csv
11-process-and-update-batch-journal,,,,1,1,0,100.0,1.0,1.0,1.0,0.0,0.0,0.0,100.0,100.0,100.0,2025-11-04 22:07,/workspaces/edx_trn_att/Inputs/SR04-Trn_Att_v2_20251104_1330.csv,/workspaces/edx_trn_att/Outputs/ModMstr/module_catalog_20251104_2117.csv
11-receive-corrections,,,,1,1,0,100.0,1.0,1.0,1.0,0.0,0.0,0.0,99.0,99.0,99.0,2025-11-04 22:07,/workspaces/edx_trn_att/Inputs/SR04-Trn_Att_v2_20251104_1330.csv,/workspaces/edx_trn_att/Outputs/ModMstr/module_catalog_20251104_2117.csv
11-run-expired-pricing-records-report,,,,1,0,1,0.0,,,,,,,,,,2025-11-04 22:07,/workspaces/edx_trn_att/Inputs/SR04-Trn_Att_v2_20251104_1330.csv,/workspaces/edx_trn_att/Outputs/ModMstr/module_catalog_20251104_2117.csv
11-use-order-inquiry-to-search-for-orders,,,,22,20,2,90.9090909090909,1.0,1.15,2.0,0.0,0.8616666666666667,17.183333333333334,82.0,94.75,100.0,2025-11-04 22:07,/workspaces/edx_trn_att/Inputs/SR04-Trn_Att_v2_20251104_1330.csv,/workspaces/edx_trn_att/Outputs/ModMstr/module_catalog_20251104_2117.csv
11adjust-inventory-to-unavailable,,,,2,1,1,50.0,1.0,1.0,1.0,0.0,0.0,0.0,,,,2025-11-04 22:07,/workspaces/edx_trn_att/Inputs/SR04-Trn_Att_v2_20251104_1330.csv,/workspaces/edx_trn_att/Outputs/ModMstr/module_catalog_20251104_2117.csv
11apply-payment-using-split-check,,,,2,1,1,50.0,1.0,1.0,1.0,0.0,0.0,0.0,92.0,92.0,92.0,2025-11-04 22:07,/workspaces/edx_trn_att/Inputs/SR04-Trn_Att_v2_20251104_1330.csv,/workspaces/edx_trn_att/Outputs/ModMstr/module_catalog_20251104_2117.csv
11cancel-po,,,,1,0,1,0.0,,,,,,,,,,2025-11-04 22:07,/workspaces/edx_trn_att/Inputs/SR04-Trn_Att_v2_20251104_1330.csv,/workspaces/edx_trn_att/Outputs/ModMstr/module_catalog_20251104_2117.csv
11merge-posprint-posgenrerate-exception-report,,,,2,1,1,50.0,2.0,2.0,2.0,1508.0,1508.0,1508.0,81.0,81.0,81.0,2025-11-04 22:07,/workspaces/edx_trn_att/Inputs/SR04-Trn_Att_v2_20251104_1330.csv,/workspaces/edx_trn_att/Outputs/ModMstr/module_catalog_20251104_2117.csv
11schedule-service,,,,2,0,2,0.0,,,,,,,,,,2025-11-04 22:07,/workspaces/edx_trn_att/Inputs/SR04-Trn_Att_v2_20251104_1330.csv,/workspaces/edx_trn_att/Outputs/ModMstr/module_catalog_20251104_2117.csv
12-apply-payment-with-unearned-discount,,,,2,2,0,100.0,1.0,1.0,1.0,0.0,0.0,0.0,100.0,100.0,100.0,2025-11-04 22:07,/workspaces/edx_trn_att/Inputs/SR04-Trn_Att_v2_20251104_1330.csv,/workspaces/edx_trn_att/Outputs/ModMstr/module_catalog_20251104_2117.csv
12-enter-a-debit-memo,,,,2,2,0,100.0,1.0,1.0,1.0,0.0,0.0,0.0,100.0,100.0,100.0,2025-11-04 22:07,/workspaces/edx_trn_att/Inputs/SR04-Trn_Att_v2_20251104_1330.csv,/workspaces/edx_trn_att/Outputs/ModMstr/module_catalog_20251104_2117.csv
12-enter-reverse-entry-journal,,,,1,1,0,100.0,1.0,1.0,1.0,0.0,0.0,0.0,100.0,100.0,100.0,2025-11-04 22:07,/workspaces/edx_trn_att/Inputs/SR04-Trn_Att_v2_20251104_1330.csv,/workspaces/edx_trn_att/Outputs/ModMstr/module_catalog_20251104_2117.csv
12-enter-stock-sales-order-and-change-line-items,,,,21,20,1,95.23809523809524,1.0,1.1,2.0,0.0,0.05333333333333333,1.05,83.0,95.9047619047619,100.0,2025-11-04 22:07,/workspaces/edx_trn_att/Inputs/SR04-Trn_Att_v2_20251104_1330.csv,/workspaces/edx_trn_att/Outputs/ModMstr/module_catalog_20251104_2117.csv
12-inquire-with-order-info,,,,25,20,5,80.0,1.0,1.1,2.0,0.0,0.0025,0.03333333333333333,92.0,97.33333333333333,100.0,2025-11-04 22:07,/workspaces/edx_trn_att/Inputs/SR04-Trn_Att_v2_20251104_1330.csv,/workspaces/edx_trn_att/Outputs/ModMstr/module_catalog_20251104_2117.csv
12-print-warehouse-transfer-pre-receiving-report,,,,3,1,2,33.333333333333336,1.0,1.0,1.0,0.0,0.0,0.0,100.0,100.0,100.0,2025-11-04 22:07,/workspaces/edx_trn_att/Inputs/SR04-Trn_Att_v2_20251104_1330.csv,/workspaces/edx_trn_att/Outputs/ModMstr/module_catalog_20251104_2117.csv
12apply-credit-to-invoice,,,,3,1,2,33.333333333333336,1.0,1.0,1.0,0.0,0.0,0.0,100.0,100.0,100.0,2025-11-04 22:07,/workspaces/edx_trn_att/Inputs/SR04-Trn_Att_v2_20251104_1330.csv,/workspaces/edx_trn_att/Outputs/ModMstr/module_catalog_20251104_2117.csv
12posting-transactions,,,,1,0,1,0.0,,,,,,,,,,2025-11-04 22:07,/workspaces/edx_trn_att/Inputs/SR04-Trn_Att_v2_20251104_1330.csv,/workspaces/edx_trn_att/Outputs/ModMstr/module_catalog_20251104_2117.csv
13-apply-payment-using-split-check,,,,2,2,0,100.0,1.0,1.0,1.0,0.0,0.0,0.0,100.0,100.0,100.0,2025-11-04 22:07,/workspaces/edx_trn_att/Inputs/SR04-Trn_Att_v2_20251104_1330.csv,/workspaces/edx_trn_att/Outputs/ModMstr/module_catalog_20251104_2117.csv
13-copy-customer-sales-order,,,,21,20,1,95.23809523809524,1.0,1.05,2.0,0.0,0.0,0.0,85.0,97.25,100.0,2025-11-04 22:07,/workspaces/edx_trn_att/Inputs/SR04-Trn_Att_v2_20251104_1330.csv,/workspaces/edx_trn_att/Outputs/ModMstr/module_catalog_20251104_2117.csv
13-enter-a-manual-payment,,,,2,2,0,100.0,1.0,1.0,1.0,0.0,0.0,0.0,100.0,100.0,100.0,2025-11-04 22:07,/workspaces/edx_trn_att/Inputs/SR04-Trn_Att_v2_20251104_1330.csv,/workspaces/edx_trn_att/Outputs/ModMstr/module_catalog_20251104_2117.csv
13-inquire-on-a-journal,,,,1,1,0,100.0,1.0,1.0,1.0,0.0,0.0,0.0,100.0,100.0,100.0,2025-11-04 22:07,/workspaces/edx_trn_att/Inputs/SR04-Trn_Att_v2_20251104_1330.csv,/workspaces/edx_trn_att/Outputs/ModMstr/module_catalog_20251104_2117.csv
13-inquire-without-order-info,,,,22,18,4,81.81818181818181,1.0,1.1111111111111112,2.0,0.0,0.8861111111111111,15.95,87.0,97.88888888888889,100.0,2025-11-04 22:07,/workspaces/edx_trn_att/Inputs/SR04-Trn_Att_v2_20251104_1330.csv,/workspaces/edx_trn_att/Outputs/ModMstr/module_catalog_20251104_2117.csv
13-receive-warehouse-transfer,,,,2,2,0,100.0,1.0,1.0,1.0,0.0,0.0,0.0,100.0,100.0,100.0,2025-11-04 22:07,/workspaces/edx_trn_att/Inputs/SR04-Trn_Att_v2_20251104_1330.csv,/workspaces/edx_trn_att/Outputs/ModMstr/module_catalog_20251104_2117.csv
13add-items-using-easy-line-entry,,,,1,0,1,0.0,,,,,,,,,,2025-11-04 22:07,/workspaces/edx_trn_att/Inputs/SR04-Trn_Att_v2_20251104_1330.csv,/workspaces/edx_trn_att/Outputs/ModMstr/module_catalog_20251104_2117.csv
13enter-trade-invoice---po-matches,,,,1,0,1,0.0,,,,,,,,,,2025-11-04 22:07,/workspaces/edx_trn_att/Inputs/SR04-Trn_Att_v2_20251104_1330.csv,/workspaces/edx_trn_att/Outputs/ModMstr/module_catalog_20251104_2117.csv
13invoicing-in-ism,,,,1,0,1,0.0,,,,,,,,,,2025-11-04 22:07,/workspaces/edx_trn_att/Inputs/SR04-Trn_Att_v2_20251104_1330.csv,/workspaces/edx_trn_att/Outputs/ModMstr/module_catalog_20251104_2117.csv
14-add-comments-notes-to-customer-sales-order,,,,22,19,3,86.36363636363636,1.0,1.105263157894737,2.0,0.0,0.002631578947368421,0.03333333333333333,89.0,95.4,100.0,2025-11-04 22:07,/workspaces/edx_trn_att/Inputs/SR04-Trn_Att_v2_20251104_1330.csv,/workspaces/edx_trn_att/Outputs/ModMstr/module_catalog_20251104_2117.csv
14-apply-credit-to-invoice,,,,2,2,0,100.0,1.0,1.0,1.0,0.0,0.0,0.0,100.0,100.0,100.0,2025-11-04 22:07,/workspaces/edx_trn_att/Inputs/SR04-Trn_Att_v2_20251104_1330.csv,/workspaces/edx_trn_att/Outputs/ModMstr/module_catalog_20251104_2117.csv
14-ar-trial-balance-report,,,,1,1,0,100.0,1.0,1.0,1.0,0.0,0.0,0.0,94.0,94.0,94.0,2025-11-04 22:07,/workspaces/edx_trn_att/Inputs/SR04-Trn_Att_v2_20251104_1330.csv,/workspaces/edx_trn_att/Outputs/ModMstr/module_catalog_20251104_2117.csv
14-create-new-trade-vendor,,,,2,2,0,100.0,1.0,1.0,1.0,0.0,0.0,0.0,100.0,100.0,100.0,2025-11-04 22:07,/workspaces/edx_trn_att/Inputs/SR04-Trn_Att_v2_20251104_1330.csv,/workspaces/edx_trn_att/Outputs/ModMstr/module_catalog_20251104_2117.csv
14-process-exception-receipts,,,,2,2,0,100.0,1.0,1.0,1.0,0.0,0.0,0.0,98.0,98.0,98.0,2025-11-04 22:07,/workspaces/edx_trn_att/Inputs/SR04-Trn_Att_v2_20251104_1330.csv,/workspaces/edx_trn_att/Outputs/ModMstr/module_catalog_20251104_2117.csv
14-use-po-inquiry-to-locate-po,,,,24,20,4,83.33333333333333,1.0,1.05,2.0,0.0,0.0,0.0,81.0,96.5,100.0,2025-11-04 22:07,/workspaces/edx_trn_att/Inputs/SR04-Trn_Att_v2_20251104_1330.csv,/workspaces/edx_trn_att/Outputs/ModMstr/module_catalog_20251104_2117.csv
14close-sro,,,,1,0,1,0.0,,,,,,,,,,2025-11-04 22:07,/workspaces/edx_trn_att/Inputs/SR04-Trn_Att_v2_20251104_1330.csv,/workspaces/edx_trn_att/Outputs/ModMstr/module_catalog_20251104_2117.csv
15-apply-account-credits-to-invoice,,,,2,2,0,100.0,1.0,1.0,1.0,0.0,0.0,0.0,100.0,100.0,100.0,2025-11-04 22:07,/workspaces/edx_trn_att/Inputs/SR04-Trn_Att_v2_20251104_1330.csv,/workspaces/edx_trn_att/Outputs/ModMstr/module_catalog_20251104_2117.csv
15-enter-trade-invoice---po-matches,,,,2,2,0,100.0,1.0,1.0,1.0,0.0,0.0,0.0,100.0,100.0,100.0,2025-11-04 22:07,/workspaces/edx_trn_att/Inputs/SR04-Trn_Att_v2_20251104_1330.csv,/workspaces/edx_trn_att/Outputs/ModMstr/module_catalog_20251104_2117.csv
15-inquire-on-a-product,,,,2,2,0,100.0,1.0,1.0,1.0,0.0,0.0,0.0,100.0,100.0,100.0,2025-11-04 22:07,/workspaces/edx_trn_att/Inputs/SR04-Trn_Att_v2_20251104_1330.csv,/workspaces/edx_trn_att/Outputs/ModMstr/module_catalog_20251104_2117.csv
15-manually-apply-hold-and-approve-held-order,,,,22,21,1,95.45454545454545,1.0,1.0476190476190477,2.0,0.0,0.0,0.0,83.0,97.85714285714286,100.0,2025-11-04 22:07,/workspaces/edx_trn_att/Inputs/SR04-Trn_Att_v2_20251104_1330.csv,/workspaces/edx_trn_att/Outputs/ModMstr/module_catalog_20251104_2117.csv
15-review-balance-history,,,,1,1,0,100.0,1.0,1.0,1.0,0.0,0.0,0.0,100.0,100.0,100.0,2025-11-04 22:07,/workspaces/edx_trn_att/Inputs/SR04-Trn_Att_v2_20251104_1330.csv,/workspaces/edx_trn_att/Outputs/ModMstr/module_catalog_20251104_2117.csv
15-use-global-search,,,,24,21,3,87.5,1.0,1.0476190476190477,2.0,0.0,0.0007936507936507937,0.016666666666666666,80.0,97.5,100.0,2025-11-04 22:07,/workspaces/edx_trn_att/Inputs/SR04-Trn_Att_v2_20251104_1330.csv,/workspaces/edx_trn_att/Outputs/ModMstr/module_catalog_20251104_2117.csv
15add-nonstock-items-to-a-purchase-order-using-advanced-line-entry,,,,1,0,1,0.0,,,,,,,,,,2025-11-04 22:07,/workspaces/edx_trn_att/Inputs/SR04-Trn_Att_v2_20251104_1330.csv,/workspaces/edx_trn_att/Outputs/ModMstr/module_catalog_20251104_2117.csv
15apply-misc-cash,,,,2,1,1,50.0,1.0,1.0,1.0,0.0,0.0,0.0,96.0,96.0,96.0,2025-11-04 22:07,/workspaces/edx_trn_att/Inputs/SR04-Trn_Att_v2_20251104_1330.csv,/workspaces/edx_trn_att/Outputs/ModMstr/module_catalog_20251104_2117.csv
15enter-trade-invoice---add-on-charges,,,,1,0,1,0.0,,,,,,,,,,2025-11-04 22:07,/workspaces/edx_trn_att/Inputs/SR04-Trn_Att_v2_20251104_1330.csv,/workspaces/edx_trn_att/Outputs/ModMstr/module_catalog_20251104_2117.csv
16-apply-a-cod-credit,,,,2,2,0,100.0,1.0,1.0,1.0,0.0,0.0,0.0,100.0,100.0,100.0,2025-11-04 22:07,/workspaces/edx_trn_att/Inputs/SR04-Trn_Att_v2_20251104_1330.csv,/workspaces/edx_trn_att/Outputs/ModMstr/module_catalog_20251104_2117.csv
16-enter-trade-invoice---po-does-not-match,,,,2,1,1,50.0,1.0,1.0,1.0,0.0,0.0,0.0,100.0,100.0,100.0,2025-11-04 22:07,/workspaces/edx_trn_att/Inputs/SR04-Trn_Att_v2_20251104_1330.csv,/workspaces/edx_trn_att/Outputs/ModMstr/module_catalog_20251104_2117.csv
16-print-count-sheets,,,,2,2,0,100.0,1.0,1.0,1.0,0.0,0.0,0.0,83.0,83.0,83.0,2025-11-04 22:07,/workspaces/edx_trn_att/Inputs/SR04-Trn_Att_v2_20251104_1330.csv,/workspaces/edx_trn_att/Outputs/ModMstr/module_catalog_20251104_2117.csv
16-review-suspense-account,,,,1,1,0,100.0,1.0,1.0,1.0,0.0,0.0,0.0,100.0,100.0,100.0,2025-11-04 22:07,/workspaces/edx_trn_att/Inputs/SR04-Trn_Att_v2_20251104_1330.csv,/workspaces/edx_trn_att/Outputs/ModMstr/module_catalog_20251104_2117.csv
16-suspend-an-order,,,,22,21,1,95.45454545454545,1.0,1.0476190476190477,2.0,0.0,0.0,0.0,92.0,99.23809523809524,100.0,2025-11-04 22:07,/workspaces/edx_trn_att/Inputs/SR04-Trn_Att_v2_20251104_1330.csv,/workspaces/edx_trn_att/Outputs/ModMstr/module_catalog_20251104_2117.csv
16customer-statement-print,,,,2,1,1,50.0,1.0,1.0,1.0,0.0,0.0,0.0,100.0,100.0,100.0,2025-11-04 22:07,/workspaces/edx_trn_att/Inputs/SR04-Trn_Att_v2_20251104_1330.csv,/workspaces/edx_trn_att/Outputs/ModMstr/module_catalog_20251104_2117.csv
16enter-trade-invoice---reconcile-against-multiple-pos-1,,,,1,0,1,0.0,,,,,,,,,,2025-11-04 22:07,/workspaces/edx_trn_att/Inputs/SR04-Trn_Att_v2_20251104_1330.csv,/workspaces/edx_trn_att/Outputs/ModMstr/module_catalog_20251104_2117.csv
17-apply-misc-cash,,,,2,2,0,100.0,1.0,1.0,1.0,0.0,0.0,0.0,100.0,100.0,100.0,2025-11-04 22:07,/workspaces/edx_trn_att/Inputs/SR04-Trn_Att_v2_20251104_1330.csv,/workspaces/edx_trn_att/Outputs/ModMstr/module_catalog_20251104_2117.csv
17-enter-sales-order-for-kits,,,,21,20,1,95.23809523809524,1.0,1.05,2.0,0.0,0.0,0.0,92.0,98.0,100.0,2025-11-04 22:07,/workspaces/edx_trn_att/Inputs/SR04-Trn_Att_v2_20251104_1330.csv,/workspaces/edx_trn_att/Outputs/ModMstr/module_catalog_20251104_2117.csv
17-enter-trade-invoice---add-on-charges,,,,1,1,0,100.0,1.0,1.0,1.0,0.0,0.0,0.0,100.0,100.0,100.0,2025-11-04 22:07,/workspaces/edx_trn_att/Inputs/SR04-Trn_Att_v2_20251104_1330.csv,/workspaces/edx_trn_att/Outputs/ModMstr/module_catalog_20251104_2117.csv
17-post-monthly-profit,,,,1,1,0,100.0,1.0,1.0,1.0,0.0,0.0,0.0,,,,2025-11-04 22:07,/workspaces/edx_trn_att/Inputs/SR04-Trn_Att_v2_20251104_1330.csv,/workspaces/edx_trn_att/Outputs/ModMstr/module_catalog_20251104_2117.csv
17-run-wt-entry-recommended-replenishment-action-report,,,,2,2,0,100.0,1.0,1.0,1.0,0.0,0.0,0.0,100.0,100.0,100.0,2025-11-04 22:07,/workspaces/edx_trn_att/Inputs/SR04-Trn_Att_v2_20251104_1330.csv,/workspaces/edx_trn_att/Outputs/ModMstr/module_catalog_20251104_2117.csv
17enter-trade-invoice---partial-receipt-short-pay,,,,1,0,1,0.0,,,,,,,,,,2025-11-04 22:07,/workspaces/edx_trn_att/Inputs/SR04-Trn_Att_v2_20251104_1330.csv,/workspaces/edx_trn_att/Outputs/ModMstr/module_catalog_20251104_2117.csv
17payment-reversal,,,,1,0,1,0.0,,,,,,,,,,2025-11-04 22:07,/workspaces/edx_trn_att/Inputs/SR04-Trn_Att_v2_20251104_1330.csv,/workspaces/edx_trn_att/Outputs/ModMstr/module_catalog_20251104_2117.csv
18-accept-wt-rrar,,,,2,2,0,100.0,1.0,1.0,1.0,0.0,0.0,0.0,89.0,94.5,100.0,2025-11-04 22:07,/workspaces/edx_trn_att/Inputs/SR04-Trn_Att_v2_20251104_1330.csv,/workspaces/edx_trn_att/Outputs/ModMstr/module_catalog_20251104_2117.csv
18-add-lot-numbered-product-to-sales-order,,,,21,20,1,95.23809523809524,1.0,1.05,2.0,0.0,0.0,0.0,88.0,98.2,100.0,2025-11-04 22:07,/workspaces/edx_trn_att/Inputs/SR04-Trn_Att_v2_20251104_1330.csv,/workspaces/edx_trn_att/Outputs/ModMstr/module_catalog_20251104_2117.csv
18-enter-trade-invoice---reconcile-against-multiple-pos,,,,1,1,0,100.0,1.0,1.0,1.0,0.0,0.0,0.0,100.0,100.0,100.0,2025-11-04 22:07,/workspaces/edx_trn_att/Inputs/SR04-Trn_Att_v2_20251104_1330.csv,/workspaces/edx_trn_att/Outputs/ModMstr/module_catalog_20251104_2117.csv
18-generate-a-tax-register,,,,1,1,0,100.0,1.0,1.0,1.0,0.0,0.0,0.0,100.0,100.0,100.0,2025-11-04 22:07,/workspaces/edx_trn_att/Inputs/SR04-Trn_Att_v2_20251104_1330.csv,/workspaces/edx_trn_att/Outputs/ModMstr/module_catalog_20251104_2117.csv
18-modify-customer-invoice,,,,3,2,1,66.66666666666667,1.0,1.0,1.0,0.0,0.0,0.0,100.0,100.0,100.0,2025-11-04 22:07,/workspaces/edx_trn_att/Inputs/SR04-Trn_Att_v2_20251104_1330.csv,/workspaces/edx_trn_att/Outputs/ModMstr/module_catalog_20251104_2117.csv
18enter-trade-invoice---po-correction,,,,1,0,1,0.0,,,,,,,,,,2025-11-04 22:07,/workspaces/edx_trn_att/Inputs/SR04-Trn_Att_v2_20251104_1330.csv,/workspaces/edx_trn_att/Outputs/ModMstr/module_catalog_20251104_2117.csv
18process-overpayment,,,,2,1,1,50.0,1.0,1.0,1.0,0.0,0.0,0.0,95.0,95.0,95.0,2025-11-04 22:07,/workspaces/edx_trn_att/Inputs/SR04-Trn_Att_v2_20251104_1330.csv,/workspaces/edx_trn_att/Outputs/ModMstr/module_catalog_20251104_2117.csv
19-add-optional-product-to-sales-order,,,,21,20,1,95.23809523809524,1.0,1.05,2.0,0.0,0.0,0.0,94.0,98.5,100.0,2025-11-04 22:07,/workspaces/edx_trn_att/Inputs/SR04-Trn_Att_v2_20251104_1330.csv,/workspaces/edx_trn_att/Outputs/ModMstr/module_catalog_20251104_2117.csv
19-enter-trade-invoice---partial-receipt,,,,1,1,0,100.0,1.0,1.0,1.0,0.0,0.0,0.0,100.0,100.0,100.0,2025-11-04 22:07,/workspaces/edx_trn_att/Inputs/SR04-Trn_Att_v2_20251104_1330.csv,/workspaces/edx_trn_att/Outputs/ModMstr/module_catalog_20251104_2117.csv
19-merge-wt-rrar,,,,2,2,0,100.0,1.0,1.0,1.0,0.0,0.0,0.0,95.0,97.5,100.0,2025-11-04 22:07,/workspaces/edx_trn_att/Inputs/SR04-Trn_Att_v2_20251104_1330.csv,/workspaces/edx_trn_att/Outputs/ModMstr/module_catalog_20251104_2117.csv
19-release-credit-hold,,,,1,1,0,100.0,1.0,1.0,1.0,0.0,0.0,0.0,100.0,100.0,100.0,2025-11-04 22:07,/workspaces/edx_trn_att/Inputs/SR04-Trn_Att_v2_20251104_1330.csv,/workspaces/edx_trn_att/Outputs/ModMstr/module_catalog_20251104_2117.csv
19-run-a-financial-statement,,,,1,1,0,100.0,1.0,1.0,1.0,0.0,0.0,0.0,100.0,100.0,100.0,2025-11-04 22:07,/workspaces/edx_trn_att/Inputs/SR04-Trn_Att_v2_20251104_1330.csv,/workspaces/edx_trn_att/Outputs/ModMstr/module_catalog_20251104_2117.csv
19refund-customer-via-check,,,,2,0,2,0.0,,,,,,,,,,2025-11-04 22:07,/workspaces/edx_trn_att/Inputs/SR04-Trn_Att_v2_20251104_1330.csv,/workspaces/edx_trn_att/Outputs/ModMstr/module_catalog_20251104_2117.csv
19select-invoices-for-payment,,,,1,0,1,0.0,,,,,,,,,,2025-11-04 22:07,/workspaces/edx_trn_att/Inputs/SR04-Trn_Att_v2_20251104_1330.csv,/workspaces/edx_trn_att/Outputs/ModMstr/module_catalog_20251104_2117.csv
20-add-interchangeable-substitution-products-to-order,,,,21,19,2,90.47619047619048,1.0,1.0526315789473684,2.0,0.0,0.0008771929824561404,0.016666666666666666,88.0,98.8,100.0,2025-11-04 22:07,/workspaces/edx_trn_att/Inputs/SR04-Trn_Att_v2_20251104_1330.csv,/workspaces/edx_trn_att/Outputs/ModMstr/module_catalog_20251104_2117.csv
20-close-the-gl,,,,1,1,0,100.0,1.0,1.0,1.0,0.0,0.0,0.0,100.0,100.0,100.0,2025-11-04 22:07,/workspaces/edx_trn_att/Inputs/SR04-Trn_Att_v2_20251104_1330.csv,/workspaces/edx_trn_att/Outputs/ModMstr/module_catalog_20251104_2117.csv
20-complete-price-correction,,,,2,1,1,50.0,1.0,1.0,1.0,0.0,0.0,0.0,100.0,100.0,100.0,2025-11-04 22:07,/workspaces/edx_trn_att/Inputs/SR04-Trn_Att_v2_20251104_1330.csv,/workspaces/edx_trn_att/Outputs/ModMstr/module_catalog_20251104_2117.csv
20-enter-trade-invoice---po-correction,,,,1,1,0,100.0,1.0,1.0,1.0,0.0,0.0,0.0,100.0,100.0,100.0,2025-11-04 22:07,/workspaces/edx_trn_att/Inputs/SR04-Trn_Att_v2_20251104_1330.csv,/workspaces/edx_trn_att/Outputs/ModMstr/module_catalog_20251104_2117.csv
20ap-vendor-entry-pay-invoice-due-report-1,,,,1,0,1,0.0,,,,,,,,,,2025-11-04 22:07,/workspaces/edx_trn_att/Inputs/SR04-Trn_Att_v2_20251104_1330.csv,/workspaces/edx_trn_att/Outputs/ModMstr/module_catalog_20251104_2117.csv
21-cash-requirements-report,,,,1,1,0,100.0,1.0,1.0,1.0,0.0,0.0,0.0,100.0,100.0,100.0,2025-11-04 22:07,/workspaces/edx_trn_att/Inputs/SR04-Trn_Att_v2_20251104_1330.csv,/workspaces/edx_trn_att/Outputs/ModMstr/module_catalog_20251104_2117.csv
21-correct-payment-posted-to-wrong-account,,,,1,1,0,100.0,1.0,1.0,1.0,0.0,0.0,0.0,100.0,100.0,100.0,2025-11-04 22:07,/workspaces/edx_trn_att/Inputs/SR04-Trn_Att_v2_20251104_1330.csv,/workspaces/edx_trn_att/Outputs/ModMstr/module_catalog_20251104_2117.csv
21-view-units-of-measure,,,,21,20,1,95.23809523809524,1.0,1.0,1.0,0.0,0.0,0.0,94.0,99.4,100.0,2025-11-04 22:07,/workspaces/edx_trn_att/Inputs/SR04-Trn_Att_v2_20251104_1330.csv,/workspaces/edx_trn_att/Outputs/ModMstr/module_catalog_20251104_2117.csv
21print-checks,,,,1,0,1,0.0,,,,,,,,,,2025-11-04 22:07,/workspaces/edx_trn_att/Inputs/SR04-Trn_Att_v2_20251104_1330.csv,/workspaces/edx_trn_att/Outputs/ModMstr/module_catalog_20251104_2117.csv
22-enter-non-stock-product-on-an-order,,,,21,20,1,95.23809523809524,1.0,1.1,2.0,0.0,5.909166666666667,118.18333333333334,90.0,98.15,100.0,2025-11-04 22:07,/workspaces/edx_trn_att/Inputs/SR04-Trn_Att_v2_20251104_1330.csv,/workspaces/edx_trn_att/Outputs/ModMstr/module_catalog_20251104_2117.csv
22-process-short-payment-with-sales-tax-write-off,,,,1,1,0,100.0,1.0,1.0,1.0,0.0,0.0,0.0,100.0,100.0,100.0,2025-11-04 22:07,/workspaces/edx_trn_att/Inputs/SR04-Trn_Att_v2_20251104_1330.csv,/workspaces/edx_trn_att/Outputs/ModMstr/module_catalog_20251104_2117.csv
22-select-invoices-for-payment,,,,1,1,0,100.0,1.0,1.0,1.0,0.0,0.0,0.0,100.0,100.0,100.0,2025-11-04 22:07,/workspaces/edx_trn_att/Inputs/SR04-Trn_Att_v2_20251104_1330.csv,/workspaces/edx_trn_att/Outputs/ModMstr/module_catalog_20251104_2117.csv
22run-credit-card-receive-on-account,,,,2,1,1,50.0,1.0,1.0,1.0,0.0,0.0,0.0,100.0,100.0,100.0,2025-11-04 22:07,/workspaces/edx_trn_att/Inputs/SR04-Trn_Att_v2_20251104_1330.csv,/workspaces/edx_trn_att/Outputs/ModMstr/module_catalog_20251104_2117.csv
23-add-catalog-product-to-order,,,,21,20,1,95.23809523809524,1.0,1.05,2.0,0.0,0.0,0.0,85.0,97.85,100.0,2025-11-04 22:07,/workspaces/edx_trn_att/Inputs/SR04-Trn_Att_v2_20251104_1330.csv,/workspaces/edx_trn_att/Outputs/ModMstr/module_catalog_20251104_2117.csv
23-ap-vendor-entry-pay-invoice-due-report,,,,1,1,0,100.0,1.0,1.0,1.0,0.0,0.0,0.0,100.0,100.0,100.0,2025-11-04 22:07,/workspaces/edx_trn_att/Inputs/SR04-Trn_Att_v2_20251104_1330.csv,/workspaces/edx_trn_att/Outputs/ModMstr/module_catalog_20251104_2117.csv
23-update-account-due-to-returned-check,,,,1,1,0,100.0,1.0,1.0,1.0,0.0,0.0,0.0,100.0,100.0,100.0,2025-11-04 22:07,/workspaces/edx_trn_att/Inputs/SR04-Trn_Att_v2_20251104_1330.csv,/workspaces/edx_trn_att/Outputs/ModMstr/module_catalog_20251104_2117.csv
23invoice-processing,,,,2,0,2,0.0,,,,,,,,,,2025-11-04 22:07,/workspaces/edx_trn_att/Inputs/SR04-Trn_Att_v2_20251104_1330.csv,/workspaces/edx_trn_att/Outputs/ModMstr/module_catalog_20251104_2117.csv
24-add-special-order-product-to-sales-order,,,,21,20,1,95.23809523809524,1.0,1.05,2.0,0.0,0.0008333333333333333,0.016666666666666666,96.0,99.36842105263158,100.0,2025-11-04 22:07,/workspaces/edx_trn_att/Inputs/SR04-Trn_Att_v2_20251104_1330.csv,/workspaces/edx_trn_att/Outputs/ModMstr/module_catalog_20251104_2117.csv
24-ar-open-activity-report,,,,1,1,0,100.0,1.0,1.0,1.0,0.0,0.0,0.0,100.0,100.0,100.0,2025-11-04 22:07,/workspaces/edx_trn_att/Inputs/SR04-Trn_Att_v2_20251104_1330.csv,/workspaces/edx_trn_att/Outputs/ModMstr/module_catalog_20251104_2117.csv
24-print-checks,,,,1,1,0,100.0,1.0,1.0,1.0,0.0,0.0,0.0,100.0,100.0,100.0,2025-11-04 22:07,/workspaces/edx_trn_att/Inputs/SR04-Trn_Att_v2_20251104_1330.csv,/workspaces/edx_trn_att/Outputs/ModMstr/module_catalog_20251104_2117.csv
25-enter-a-return-order,,,,21,19,2,90.47619047619048,1.0,1.0526315789473684,2.0,0.0,0.0008771929824561404,0.016666666666666666,95.0,99.73684210526316,100.0,2025-11-04 22:07,/workspaces/edx_trn_att/Inputs/SR04-Trn_Att_v2_20251104_1330.csv,/workspaces/edx_trn_att/Outputs/ModMstr/module_catalog_20251104_2117.csv
25-run-ar-roll-balances-and-assess-service-charge,,,,1,1,0,100.0,1.0,1.0,1.0,0.0,0.0,0.0,100.0,100.0,100.0,2025-11-04 22:07,/workspaces/edx_trn_att/Inputs/SR04-Trn_Att_v2_20251104_1330.csv,/workspaces/edx_trn_att/Outputs/ModMstr/module_catalog_20251104_2117.csv
25-set-up-misc-vendor-in-ap,,,,1,1,0,100.0,1.0,1.0,1.0,0.0,0.0,0.0,100.0,100.0,100.0,2025-11-04 22:07,/workspaces/edx_trn_att/Inputs/SR04-Trn_Att_v2_20251104_1330.csv,/workspaces/edx_trn_att/Outputs/ModMstr/module_catalog_20251104_2117.csv
26-enter-invoice-for-misc-vendor,,,,1,1,0,100.0,1.0,1.0,1.0,0.0,0.0,0.0,96.0,96.0,96.0,2025-11-04 22:07,/workspaces/edx_trn_att/Inputs/SR04-Trn_Att_v2_20251104_1330.csv,/workspaces/edx_trn_att/Outputs/ModMstr/module_catalog_20251104_2117.csv
26-print-customer-statement,,,,1,1,0,100.0,1.0,1.0,1.0,0.0,0.0,0.0,100.0,100.0,100.0,2025-11-04 22:07,/workspaces/edx_trn_att/Inputs/SR04-Trn_Att_v2_20251104_1330.csv,/workspaces/edx_trn_att/Outputs/ModMstr/module_catalog_20251104_2117.csv
27-ar-trial-balance-report,,,,1,1,0,100.0,1.0,1.0,1.0,0.0,0.0,0.0,100.0,100.0,100.0,2025-11-04 22:07,/workspaces/edx_trn_att/Inputs/SR04-Trn_Att_v2_20251104_1330.csv,/workspaces/edx_trn_att/Outputs/ModMstr/module_catalog_20251104_2117.csv
27-print-work-orders,,,,1,0,1,0.0,,,,,,,,,,2025-11-04 22:07,/workspaces/edx_trn_att/Inputs/SR04-Trn_Att_v2_20251104_1330.csv,/workspaces/edx_trn_att/Outputs/ModMstr/module_catalog_20251104_2117.csv
27-set-up-vendor-history-table,,,,1,1,0,100.0,1.0,1.0,1.0,0.0,0.0,0.0,100.0,100.0,100.0,2025-11-04 22:07,/workspaces/edx_trn_att/Inputs/SR04-Trn_Att_v2_20251104_1330.csv,/workspaces/edx_trn_att/Outputs/ModMstr/module_catalog_20251104_2117.csv
28-ar-period-analysis-report,,,,1,1,0,100.0,1.0,1.0,1.0,0.0,0.0,0.0,100.0,100.0,100.0,2025-11-04 22:07,/workspaces/edx_trn_att/Inputs/SR04-Trn_Att_v2_20251104_1330.csv,/workspaces/edx_trn_att/Outputs/ModMstr/module_catalog_20251104_2117.csv
28-set-up-federal-tax-1099,,,,1,1,0,100.0,1.0,1.0,1.0,0.0,0.0,0.0,100.0,100.0,100.0,2025-11-04 22:07,/workspaces/edx_trn_att/Inputs/SR04-Trn_Att_v2_20251104_1330.csv,/workspaces/edx_trn_att/Outputs/ModMstr/module_catalog_20251104_2117.csv
29-ar-year-end-processing-report,,,,2,1,1,50.0,1.0,1.0,1.0,0.0,0.0,0.0,100.0,100.0,100.0,2025-11-04 22:07,/workspaces/edx_trn_att/Inputs/SR04-Trn_Att_v2_20251104_1330.csv,/workspaces/edx_trn_att/Outputs/ModMstr/module_catalog_20251104_2117.csv
co1sesopop20refund-customer-via-cckc,,,,2,0,2,0.0,,,,,,,,,,2025-11-04 22:07,/workspaces/edx_trn_att/Inputs/SR04-Trn_Att_v2_20251104_1330.csv,/workspaces/edx_trn_att/Outputs/ModMstr/module_catalog_20251104_2117.csv
co1sesoppurentopm14add-items-to-purchase-order-using-advanced-line-entrybwkc,,,,1,0,1,0.0,,,,,,,,,,2025-11-04 22:07,/workspaces/edx_trn_att/Inputs/SR04-Trn_Att_v2_20251104_1330.csv,/workspaces/edx_trn_att/Outputs/ModMstr/module_catalog_20251104_2117.csv
co1sesopq2cop13apply-account-credits-to-invoicebwkc,,,,2,2,0,100.0,1.0,1.0,1.0,0.0,0.0,0.0,100.0,100.0,100.0,2025-11-04 22:07,/workspaces/edx_trn_att/Inputs/SR04-Trn_Att_v2_20251104_1330.csv,/workspaces/edx_trn_att/Outputs/ModMstr/module_catalog_20251104_2117.csv
co3ppsee01partner-set-upkc,,,,1,0,1,0.0,,,,,,,,,,2025-11-04 22:07,/workspaces/edx_trn_att/Inputs/SR04-Trn_Att_v2_20251104_1330.csv,/workspaces/edx_trn_att/Outputs/ModMstr/module_catalog_20251104_2117.csv
csd-basics,,,,22,5,17,22.727272727272727,1.0,1.0,1.0,0.0,0.0,0.0,83.0,89.6,94.0,2025-11-04 22:07,/workspaces/edx_trn_att/Inputs/SR04-Trn_Att_v2_20251104_1330.csv,/workspaces/edx_trn_att/Outputs/ModMstr/module_catalog_20251104_2117.csv
log-into-uap,,,,11,3,8,27.272727272727273,1.0,1.0,1.0,0.0,0.0,0.0,100.0,100.0,100.0,2025-11-04 22:07,/workspaces/edx_trn_att/Inputs/SR04-Trn_Att_v2_20251104_1330.csv,/workspaces/edx_trn_att/Outputs/ModMstr/module_catalog_20251104_2117.csv
new-customer-registration,,,,1,1,0,100.0,1.0,1.0,1.0,0.0,0.0,0.0,92.0,92.0,92.0,2025-11-04 22:07,/workspaces/edx_trn_att/Inputs/SR04-Trn_Att_v2_20251104_1330.csv,/workspaces/edx_trn_att/Outputs/ModMstr/module_catalog_20251104_2117.csv
quiz-level-1,,,,26,22,4,84.61538461538461,1.0,1.0,1.0,0.0,0.0,0.0,89.0,89.81481481481481,100.0,2025-11-04 22:07,/workspaces/edx_trn_att/Inputs/SR04-Trn_Att_v2_20251104_1330.csv,/workspaces/edx_trn_att/Outputs/ModMstr/module_catalog_20251104_2117.csv
quiz-level-2-accounts-receivable,,,,1,1,0,100.0,1.0,1.0,1.0,0.0,0.0,0.0,100.0,100.0,100.0,2025-11-04 22:07,/workspaces/edx_trn_att/Inputs/SR04-Trn_Att_v2_20251104_1330.csv,/workspaces/edx_trn_att/Outputs/ModMstr/module_catalog_20251104_2117.csv
quiz-level-2-purchasing-2,,,,3,1,2,33.333333333333336,1.0,1.0,1.0,0.0,0.0,0.0,80.0,80.0,80.0,2025-11-04 22:07,/workspaces/edx_trn_att/Inputs/SR04-Trn_Att_v2_20251104_1330.csv,/workspaces/edx_trn_att/Outputs/ModMstr/module_catalog_20251104_2117.csv
quiz-level-2-sales-1,,,,19,15,4,78.94736842105263,1.0,1.2,2.0,0.0,0.18999999999999997,1.2,80.0,81.875,90.0,2025-11-04 22:07,/workspaces/edx_trn_att/Inputs/SR04-Trn_Att_v2_20251104_1330.csv,/workspaces/edx_trn_att/Outputs/ModMstr/module_catalog_20251104_2117.csv
quiz-level-2-warehouse-planning,,,,1,1,0,100.0,1.0,1.0,1.0,0.0,0.0,0.0,100.0,100.0,100.0,2025-11-04 22:07,/workspaces/edx_trn_att/Inputs/SR04-Trn_Att_v2_20251104_1330.csv,/workspaces/edx_trn_att/Outputs/ModMstr/module_catalog_20251104_2117.csv
sales-order-example,,,,1,1,0,100.0,1.0,1.0,1.0,0.0,0.0,0.0,93.0,93.0,93.0,2025-11-04 22:07,/workspaces/edx_trn_att/Inputs/SR04-Trn_Att_v2_20251104_1330.csv,/workspaces/edx_trn_att/Outputs/ModMstr/module_catalog_20251104_2117.csv
scott-electric-navigation,,,,1,1,0,100.0,1.0,1.0,1.0,0.0,0.0,0.0,100.0,100.0,100.0,2025-11-04 22:07,/workspaces/edx_trn_att/Inputs/SR04-Trn_Att_v2_20251104_1330.csv,/workspaces/edx_trn_att/Outputs/ModMstr/module_catalog_20251104_2117.csv
sopoe01enter-stock-customer-sales-order,,,,23,9,14,39.130434782608695,1.0,1.4444444444444444,3.0,0.0,145.89814814814815,1152.3166666666666,83.0,96.16666666666667,100.0,2025-11-04 22:07,/workspaces/edx_trn_att/Inputs/SR04-Trn_Att_v2_20251104_1330.csv,/workspaces/edx_trn_att/Outputs/ModMstr/module_catalog_20251104_2117.csv
sopoe07enter-a-return-order-1,,,,10,6,4,60.0,1.0,1.0,1.0,0.0,0.0,0.0,96.0,98.4,100.0,2025-11-04 22:07,/workspaces/edx_trn_att/Inputs/SR04-Trn_Att_v2_20251104_1330.csv,/workspaces/edx_trn_att/Outputs/ModMstr/module_catalog_20251104_2117.csv
uap-101,,,,2,0,2,0.0,,,,,,,,,,2025-11-04 22:07,/workspaces/edx_trn_att/Inputs/SR04-Trn_Att_v2_20251104_1330.csv,/workspaces/edx_trn_att/Outputs/ModMstr/module_catalog_20251104_2117.csv
uap-101-1,,,,2,0,2,0.0,,,,,,,,,,2025-11-04 22:07,/workspaces/edx_trn_att/Inputs/SR04-Trn_Att_v2_20251104_1330.csv,/workspaces/edx_trn_att/Outputs/ModMstr/module_catalog_20251104_2117.csv
