UAP_Module,UAP_File_stem,UAP_Parent,match_type,match_score,DOC_Name,DOC_File_Name,DOC_Parent_Name,Parent.Context
05-Move non-stock item to stock item,05-move non-stock item to stock item,05-inventory control,NONE,0.0,,,,
04-Copy inventory item to single WH,04-copy inventory item to single wh,05-inventory control,NONE,0.0,,,,
02_Add Items,02_add items,palco specific sales,EXACT_FILENAME,1.0,02_Add Items,02_Add Items.udc,Palco Specific Sales,CSD > Document Library > PALCO POWER SYSTEMS > SALES > Palco Specific Sales
01_Create a Blanket Order,01_create a blanket order,palco specific sales,EXACT_FILENAME,1.0,01_Create a Blanket Order,01_Create a Blanket Order.udc,Palco Specific Sales,CSD > Document Library > PALCO POWER SYSTEMS > SALES > Palco Specific Sales
Quiz Level 1,quiz level 1,z_playground,EXACT_FILENAME,1.0,Quiz Level 1,Quiz Level 1.ulc,z_PLAYGROUND,CSD > Document Library > z_PLAYGROUND
07-Open Help Context App,07-open help context app,08-user interface,NONE,0.0,,,,
08-Create a PO,08-create a po,01-foundation 101,NONE,0.0,,,,
02-Enter stock customer sales order,02-enter stock customer sales order,01-foundation 101,FUZZY,0.943,01_Enter Stock Customer Sales Order,OE_01_Enter Stock Customer Sales Order (2) (2).udc,01_Order Entry,CSD > Document Library > SALES > 01_Order Entry
04-Print customer order pick ticket,04-print customer order pick ticket,01-foundation 101,NONE,0.0,,,,
08-Print a Report,08-print a report,08-user interface,NONE,0.0,,,,
02-Change Layout and Appearance of Grid,02-change layout and appearance of grid,08-user interface,NONE,0.0,,,,
01-Access Sales Order Entry Window,01-access sales order entry window,08-user interface,NONE,0.0,,,,
12-Inquire with order info,12-inquire with order info,01-foundation 101,NONE,0.0,,,,
05-Lookups and Search Features,05-lookups and search features,08-user interface,NONE,0.0,,,,
13-Inquire without order info,13-inquire without order info,01-foundation 101,NONE,0.0,,,,
14-Use PO Inquiry to locate PO,14-use po inquiry to locate po,01-foundation 101,NONE,0.0,,,,
06-Invoice sales order,06-invoice sales order,01-foundation 101,NONE,0.0,,,,
11-Cost PO to vendor invoice,11-cost po to vendor invoice,01-foundation 101,NONE,0.0,,,,
07-Apply customer payment to invoice,07-apply customer payment to invoice,01-foundation 101,NONE,0.0,,,,
03-Global Search,03-global search,08-user interface,NONE,0.0,,,,
06-Add Note Using Notes Context App,06-add note using notes context app,08-user interface,NONE,0.0,,,,
09-Personalize Advanced Line Entry View in Order Entry,09-personalize advanced line entry view in order entry,08-user interface,NONE,0.0,,,,
05-Ship sales order,05-ship sales order,01-foundation 101,NONE,0.0,,,,
10-Log out of Infor Distribution SX.e and Infor Ming.le,10-log out of infor distribution sx.e and infor ming.le,08-user interface,NONE,0.0,,,,
03-Use Order Inquiry for sales orders,03-use order inquiry for sales orders,01-foundation 101,NONE,0.0,,,,
10-Receive a PO,10-receive a po,01-foundation 101,NONE,0.0,,,,
15-Use global search,15-use global search,01-foundation 101,NONE,0.0,,,,
01-Log in to SX.e,01-log in to sx.e,01-foundation 101,NONE,0.0,,,,
09-Print a PO,09-print a po,01-foundation 101,NONE,0.0,,,,
04-Advanced Search Techniques,04-advanced search techniques,08-user interface,NONE,0.0,,,,
01-Enter Stock Customer Sales Order,01-enter stock customer sales order,09-customer orders,FUZZY,0.971,01_Enter Stock Customer Sales Order,OE_01_Enter Stock Customer Sales Order (2) (2).udc,01_Order Entry,CSD > Document Library > SALES > 01_Order Entry
02_Enter a Quote Order,02_enter a quote order (1),01_order entry,EXACT_FILENAME,1.0,02_Enter a Quote Order,02_Enter a Quote Order (1) (1).udc,01_Order Entry,CSD > Document Library > SALES > 01_Order Entry
01_Enter Stock Customer Sales Order,oe_01_enter stock customer sales order (2),01_order entry,EXACT_FILENAME,1.0,01_Enter Stock Customer Sales Order,OE_01_Enter Stock Customer Sales Order (2) (2).udc,01_Order Entry,CSD > Document Library > SALES > 01_Order Entry
15-Manually Apply Hold and Approve Held Order,15-manually apply hold and approve held order,09-customer orders,FUZZY,0.956,05_Manually Apply Hold and Approve Held Order,05_Manually Apply Hold and Approve Held Order.udc,02_Order Modification,CSD > Document Library > PALCO POWER SYSTEMS > SALES > 02_Order Modification
06-Perform Lookups in Customer Sales Order,06-perform lookups in customer sales order,09-customer orders,FUZZY,0.952,01_Perform Lookups in Customer Sales Order,CO1_SE_Ll_01_Perform Lookups in Customer Sales Order_KC.udc,06_Lookup and Inquiry,CSD > Document Library > SALES > 06_Lookup and Inquiry
25-Enter a Return Order,25-enter a return order,09-customer orders,FUZZY,0.87,07_Enter a Return Order,07_Enter a Return Order (1).udc,01_Order Entry,CSD > Document Library > SALES > 01_Order Entry
19-Add Optional Product to Sales Order,19-add optional product to sales order,09-customer orders,NONE,0.0,,,,
22-Enter Non Stock Product On an Order,22-enter non stock product on an order,09-customer orders,FUZZY,0.872,06_Enter a Non-Stock Product on an Order,06_Enter a Non-Stock Product on an Order.udc,01_Order Entry,CSD > Document Library > SALES > 01_Order Entry
09-Enter a Direct Order,09-enter a direct order,09-customer orders,FUZZY,0.913,03_Enter a Direct Order,03_Enter a Direct Order (1) (1).udc,01_Order Entry,CSD > Document Library > SALES > 01_Order Entry
13-Copy Customer Sales Order,13-copy customer sales order,09-customer orders,FUZZY,0.893,02_Copy Customer Sales Order,02_Copy Customer Sales Order.udc,04_Order Copying and Conversion,CSD > Document Library > SALES > 04_Order Copying and Conversion
"20-Add Interchangeable, Substitution Products to Order","20-add interchangeable, substitution products to order",09-customer orders,NONE,0.0,,,,
18-Add Lot Numbered Product to Sales Order,18-add lot numbered product to sales order,09-customer orders,NONE,0.0,,,,
03-Review the Shopping List,03-review the shopping list,09-customer orders,FUZZY,0.926,01_Review the Shopping List,01_Review the Shopping List.udc,03_Order Review,CSD > Document Library > PALCO POWER SYSTEMS > SALES > 03_Order Review
10-Enter Counter Sales Order and Record Tender Payments,10-enter counter sales order and record tender payments,09-customer orders,FUZZY,0.946,04_Enter a Counter Sales Order and Record Tender Payments,04_Enter a Counter Sales Order and Record Tender Payments (2).udc,01_Order Entry,CSD > Document Library > SALES > 01_Order Entry
17-Enter Sales Order for Kits,17-enter sales order for kits,09-customer orders,NONE,0.0,,,,
07-Enter Quote Order,07-enter quote order,09-customer orders,FUZZY,0.857,02_Enter a Quote Order,02_Enter a Quote Order (1) (1).udc,01_Order Entry,CSD > Document Library > SALES > 01_Order Entry
04-Adjust Line Items,04-adjust line items,09-customer orders,FUZZY,0.9,02_Adjust Line Items,02_Adjust Line Items.udc,02_Order Modification,CSD > Document Library > PALCO POWER SYSTEMS > SALES > 02_Order Modification
08-Copy Quote Order to a Stock Order,08-copy quote order to a stock order,09-customer orders,FUZZY,0.944,01_Copy Quote Order to a Stock Order,01_Copy Quote Order to a Stock Order.udc,04_Order Copying and Conversion,CSD > Document Library > SALES > 04_Order Copying and Conversion
"05-Review Taxes, Totals, Payments for Stock Customer Sales Order","05-review taxes, totals, payments for stock customer sales order",09-customer orders,FUZZY,0.969,"02_Review Taxes, Totals, Payments for Stock Customer Sales Order","02_Review Taxes, Totals, Payments for Stock Customer Sales Order.udc",03_Order Review,CSD > Document Library > SALES > 03_Order Review
11-Use Order Inquiry to Search for Orders,11-use order inquiry to search for orders,09-customer orders,FUZZY,0.927,03_Use Order Inquiry to Search for Orders,03_Use Order Inquiry to Search for Orders.udc,03_Order Review,CSD > Document Library > PALCO POWER SYSTEMS > SALES > 03_Order Review
02-Add Items to Stock Customer Sales Order,02-add items to stock customer sales order,09-customer orders,FUZZY,0.952,01_Add Items to Stock Customer Sales Order,01_Add Items to Stock Customer Sales Order (2).udc,02_Order Modification,CSD > Document Library > SALES > 02_Order Modification
24-Add Special Order Product to Sales Order,24-add special order product to sales order,09-customer orders,FUZZY,0.93,05_Add Special Order Product to Sales Order,05_Add Special Order Product to Sales Order.udc,05_Product Management,CSD > Document Library > SALES > 05_Product Management
23-Add Catalog Product to Order,23-add catalog product to order,09-customer orders,FUZZY,0.903,04_Add Catalog Product to Order,04_Add Catalog Product to Order.udc,05_Product Management,CSD > Document Library > PALCO POWER SYSTEMS > SALES > 05_Product Management
21-View Units of Measure,21-view units of measure,09-customer orders,FUZZY,0.875,04_View Units of Measure,04_View Units of Measure.udc,03_Order Review,CSD > Document Library > SALES > 03_Order Review
12-Enter Stock Sales Order and Change Line Items,12-enter stock sales order and change line items,09-customer orders,FUZZY,0.938,03_Enter Stock Sales Order and Change Line Items,03_Enter Stock Sales Order and Change Line Items.udc,02_Order Modification,CSD > Document Library > PALCO POWER SYSTEMS > SALES > 02_Order Modification
16-Suspend an Order,16-suspend an order,09-customer orders,FUZZY,0.895,06_Suspend an Order,06_Suspend an Order.udc,02_Order Modification,CSD > Document Library > PALCO POWER SYSTEMS > SALES > 02_Order Modification
"14-Add Comments, Notes to Customer Sales Order","14-add comments, notes to customer sales order",09-customer orders,FUZZY,0.957,"04_Add Comments, Notes to Customer Sales Order","04_Add Comments, Notes to Customer Sales Order (1).udc",02_Order Modification,CSD > Document Library > SALES > 02_Order Modification
Quiz Level 2 | Sales,quiz level 2 sales,sales,EXACT_FILENAME,1.0,Quiz Level 2 | Sales,Quiz Level 2 Sales.ulc,SALES,CSD > Document Library > SALES
01-Set up vendor,01-set up vendor,03-accounts payable,NONE,0.0,,,,
Log into UAP,log into uap,basics,EXACT_FILENAME,1.0,Log into UAP,Log into UAP.udc,Basics,CSD > Document Library > Basics
CSD Basics,csd basics (1),basics,EXACT_FILENAME,1.0,CSD Basics,CSD Basics (1) (1).udc,Basics,CSD > Document Library > Basics
UAP 101,uap 101,sample content,NONE,0.0,,,,
08-Print count sheets,08-print count sheets,05-inventory control,FUZZY,0.905,03_Print Count Sheets,CO1_SE_Count Cycle_OPM_03_Print Count Sheets_KC.udc,01_Physical or Cycle Count to Count Update,CSD > Document Library > OPERATIONS > 02_Warehouse > 01_Physical or Cycle Count to Count Update
06-Print Pre-Receiving Report,06-print pre-receiving report,11-warehouse planning,NONE,0.0,,,,
11_Schedule Service,11_schedule service,01_service order process,EXACT_FILENAME,1.0,11_Schedule Service,11_Schedule Service.udc,01_Service Order Process,CSD > Document Library > PALCO POWER SYSTEMS > ISM > 01_Service Order Process
04_Bill Contract,co3_pps_kk_04_invoice_bill_contract_bw_kc,08_pma service orders,EXACT_FILENAME,1.0,04_Bill Contract,CO3_PPS_KK_04_Invoice_Bill_Contract_BW_KC.udc,08_PMA Service Orders,CSD > Document Library > PALCO POWER SYSTEMS > ISM > 08_PMA Service Orders
03_Enter a Direct Order,03_enter a direct order (1),01_order entry,EXACT_FILENAME,1.0,03_Enter a Direct Order,03_Enter a Direct Order (1) (1).udc,01_Order Entry,CSD > Document Library > SALES > 01_Order Entry
07_Enter a Return Order,07_enter a return order,01_order entry,EXACT_FILENAME,1.0,07_Enter a Return Order,07_Enter a Return Order (1).udc,01_Order Entry,CSD > Document Library > SALES > 01_Order Entry
01_Create Purchase Order,01_create purchase order,01_purchase order entry to print,EXACT_FILENAME,1.0,01_Create Purchase Order,01_Create Purchase Order.udc,01_Purchase Order Entry to Print,CSD > Document Library > PALCO POWER SYSTEMS > PURCHASING > 01_Purchase Order Entry to Print
04_Add Re Rent Items,04_add re rent items,02_rental process,EXACT_FILENAME,1.0,04_Add Re Rent Items,04_Add Re Rent Items (1).udc,02_Rental Process,CSD > Document Library > PALCO POWER SYSTEMS > ISM > 02_Rental Process
03_Use Order Inquiry to Search for Orders,03_use order inquiry to search for orders,03_order review,EXACT_FILENAME,1.0,03_Use Order Inquiry to Search for Orders,03_Use Order Inquiry to Search for Orders.udc,03_Order Review,CSD > Document Library > PALCO POWER SYSTEMS > SALES > 03_Order Review
03_Enter Stock Sales Order and Change Line Items,03_enter stock sales order and change line items (1) (1),02_order modification,EXACT_FILENAME,1.0,03_Enter Stock Sales Order and Change Line Items,03_Enter Stock Sales Order and Change Line Items (1) (1) (1).udc,02_Order Modification,CSD > Document Library > SALES > 02_Order Modification
05_Add Special Order Product to Sales Order,05_add special order product to sales order,05_product management,EXACT_FILENAME,1.0,05_Add Special Order Product to Sales Order,05_Add Special Order Product to Sales Order.udc,05_Product Management,CSD > Document Library > SALES > 05_Product Management
02_Use Order Inquiry to Search Orders,co1_se_ll_02_use order inquiry to search for orders_kc,06_lookup and inquiry,EXACT_FILENAME,1.0,02_Use Order Inquiry to Search Orders,CO1_SE_Ll_02_Use Order Inquiry to Search for Orders_KC.udc,06_Lookup and Inquiry,CSD > Document Library > SALES > 06_Lookup and Inquiry
03_Print Count Sheets,co1_se_count cycle_opm_03_print count sheets_kc,01_physical or cycle count to count update,EXACT_FILENAME,1.0,03_Print Count Sheets,CO1_SE_Count Cycle_OPM_03_Print Count Sheets_KC.udc,01_Physical or Cycle Count to Count Update,CSD > Document Library > OPERATIONS > 02_Warehouse > 01_Physical or Cycle Count to Count Update
08_Run Physical Count Sheet,co1_se_count cycle_opm_08_run physical count sheet_kc,01_physical or cycle count to count update,EXACT_FILENAME,1.0,08_Run Physical Count Sheet,CO1_SE_Count Cycle_OPM_08_Run Physical Count Sheet_KC.udc,01_Physical or Cycle Count to Count Update,CSD > Document Library > OPERATIONS > 02_Warehouse > 01_Physical or Cycle Count to Count Update
"01_Ship Sales Order, Include Addons","co1_se_sales order_opm_01_ship sales order, include addons_kc",02_shipping sales orders,EXACT_FILENAME,1.0,"01_Ship Sales Order, Include Addons","CO1_SE_Sales Order_OPM_01_Ship Sales Order, Include Addons_KC (3).udc",02_Shipping Sales Orders,CSD > Document Library > OPERATIONS > 02_Warehouse > 02_Shipping Sales Orders
02_Run either the IC Entry Cycle Count Report or the IC Entry Physical Count Report,co1_se_count cycle_opm_02_run either the ic entry cycle count report or the ic entry physical count report_kc,01_physical or cycle count to count update,EXACT_FILENAME,1.0,02_Run either the IC Entry Cycle Count Report or the IC Entry Physical Count Report,CO1_SE_Count Cycle_OPM_02_Run either the IC Entry Cycle Count Report or the IC Entry Physical Count Report_KC (1).udc,01_Physical or Cycle Count to Count Update,CSD > Document Library > OPERATIONS > 02_Warehouse > 01_Physical or Cycle Count to Count Update
03_Order Inquiries,rooney test,00_basic warehouse,EXACT_FILENAME,1.0,03_Order Inquiries,Rooney test (1).udc,00_Basic Warehouse,CSD > Document Library > OPERATIONS > 00_Basic Warehouse
11_Adjust Inventory to Unavailable,co1_se_count cycle_opm_11_adjust inventory to unavailable_bw_kc,01_physical or cycle count to count update,EXACT_FILENAME,1.0,11_Adjust Inventory to Unavailable,CO1_SE_Count Cycle_OPM_11_Adjust Inventory to Unavailable_BW_KC.udc,01_Physical or Cycle Count to Count Update,CSD > Document Library > OPERATIONS > 02_Warehouse > 01_Physical or Cycle Count to Count Update
09.3_Run Results Report in ICEPW,co1_se_count cycle_opm_9.3_run results report in icepw_kc,01_physical or cycle count to count update,EXACT_FILENAME,1.0,09.3_Run Results Report in ICEPW,CO1_SE_Count Cycle_OPM_9.3_Run Results Report in ICEPW_KC.udc,01_Physical or Cycle Count to Count Update,CSD > Document Library > OPERATIONS > 02_Warehouse > 01_Physical or Cycle Count to Count Update
07_Edit Entered Counts,co1_se_count cycle_opm_07_edit entered counts_kc,01_physical or cycle count to count update,EXACT_FILENAME,1.0,07_Edit Entered Counts,CO1_SE_Count Cycle_OPM_07_Edit Entered Counts_KC.udc,01_Physical or Cycle Count to Count Update,CSD > Document Library > OPERATIONS > 02_Warehouse > 01_Physical or Cycle Count to Count Update
05_Perform Shipping Feedback to Ship Order,co1_se_sales order_opm_05_perform shipping feedback to ship order_kc,02_shipping sales orders,EXACT_FILENAME,1.0,05_Perform Shipping Feedback to Ship Order,CO1_SE_Sales Order_OPM_05_Perform Shipping Feedback to Ship Order_KC.udc,02_Shipping Sales Orders,CSD > Document Library > OPERATIONS > 02_Warehouse > 02_Shipping Sales Orders
04_Enter the Count into CSD Using Count Entry Function,co1_se_count cycle_opm_04_enter the count into csd using count entry function_kc,01_physical or cycle count to count update,EXACT_FILENAME,1.0,04_Enter the Count into CSD Using Count Entry Function,CO1_SE_Count Cycle_OPM_04_Enter the Count into CSD Using Count Entry Function_KC.udc,01_Physical or Cycle Count to Count Update,CSD > Document Library > OPERATIONS > 02_Warehouse > 01_Physical or Cycle Count to Count Update
01_Product Inquiry,02_product inquiry,00_basic warehouse,EXACT_FILENAME,1.0,01_Product Inquiry,02_PRODUCT INQUIRY.udc,00_Basic Warehouse,CSD > Document Library > OPERATIONS > 00_Basic Warehouse
05_Run the Reconciliation Report,co1_se_count cycle_opm_05_run the reconciliation report_kc,01_physical or cycle count to count update,EXACT_FILENAME,1.0,05_Run the Reconciliation Report,CO1_SE_Count Cycle_OPM_05_Run the Reconciliation Report_KC.udc,01_Physical or Cycle Count to Count Update,CSD > Document Library > OPERATIONS > 02_Warehouse > 01_Physical or Cycle Count to Count Update
01_Filter Working Status,01_filter working status,03_warranty process,EXACT_FILENAME,1.0,01_Filter Working Status,01_Filter Working Status (1).udc,03_Warranty Process,CSD > Document Library > PALCO POWER SYSTEMS > ISM > 03_Warranty Process
"02_Review Taxes, Totals, Payments for Stock Customer Sales Order","02_review taxes, totals, payments for stock customer sales order",03_order review,EXACT_FILENAME,1.0,"02_Review Taxes, Totals, Payments for Stock Customer Sales Order","02_Review Taxes, Totals, Payments for Stock Customer Sales Order.udc",03_Order Review,CSD > Document Library > SALES > 03_Order Review
01_Perform Lookups in Customer Sales Order,co1_se_ll_01_perform lookups in customer sales order_kc,06_lookup and inquiry,EXACT_FILENAME,1.0,01_Perform Lookups in Customer Sales Order,CO1_SE_Ll_01_Perform Lookups in Customer Sales Order_KC.udc,06_Lookup and Inquiry,CSD > Document Library > SALES > 06_Lookup and Inquiry
UAP Course Starter,uap course starter,resources for authors and administrators,NONE,0.0,,,,
12-Print Warehouse Transfer Pre-Receiving Report,12-print warehouse transfer pre-receiving report,11-warehouse planning,NONE,0.0,,,,
Quiz Level 2 | Accounts Payable,quiz level 2 ap,financial,EXACT_FILENAME,1.0,Quiz Level 2 | Accounts Payable,Quiz Level 2 AP.ulc,FINANCIAL,CSD > Document Library > FINANCIAL
05-Account inquiry and report,05-account inquiry and report,02-accounting - controller,FUZZY,0.966,05_Account Inquiry and Report,05_Account Inquiry and Report.udc,01_Setup of General Ledger,CSD > Document Library > FINANCIAL > General Ledger > 01_Setup of General Ledger
16-Review suspense account,16-review suspense account,02-accounting - controller,NONE,0.0,,,,
17-Post monthly profit,17-post monthly profit,02-accounting - controller,NONE,0.0,,,,
14-AR Trial Balance Report,14-ar trial balance report,02-accounting - controller,NONE,0.0,,,,
06-Add GL accounts to vendor,06-add gl accounts to vendor,02-accounting - controller,NONE,0.0,,,,
08-Enter real-time journal,08-enter real-time journal,02-accounting - controller,NONE,0.0,,,,
13-Inquire on a journal,13-inquire on a journal,02-accounting - controller,NONE,0.0,,,,
04-Set up accounts,04-set up accounts,02-accounting - controller,NONE,0.0,,,,
07-Set up bank and add to vendor,07-set up bank and add to vendor,02-accounting - controller,NONE,0.0,,,,
10-Enter a batch journal,10-enter a batch journal,02-accounting - controller,NONE,0.0,,,,
03-Review admin options in GL,03-review admin options in gl,02-accounting - controller,NONE,0.0,,,,
01-Create new vendor,01-create new vendor,02-accounting - controller,FUZZY,0.95,01_Create New Vendor,01_Create New Vendor.udc,01_Setup of General Ledger,CSD > Document Library > FINANCIAL > General Ledger > 01_Setup of General Ledger
20-Close the GL,20-close the gl,02-accounting - controller,NONE,0.0,,,,
18-Generate a tax register,18-generate a tax register,02-accounting - controller,NONE,0.0,,,,
15-Review balance history,15-review balance history,02-accounting - controller,NONE,0.0,,,,
09-Set up batch,09-set up batch,02-accounting - controller,NONE,0.0,,,,
19-Run a financial statement,19-run a financial statement,02-accounting - controller,NONE,0.0,,,,
11-Process and update batch journal,11-process and update batch journal,02-accounting - controller,NONE,0.0,,,,
02-Company setup in GL,02-company setup in gl,02-accounting - controller,NONE,0.0,,,,
12-Enter reverse entry journal,12-enter reverse entry journal,02-accounting - controller,NONE,0.0,,,,
01_Add Items to Stock Customer Sales Order,01_add items to stock customer sales order,02_order modification,EXACT_FILENAME,1.0,01_Add Items to Stock Customer Sales Order,01_Add Items to Stock Customer Sales Order (2).udc,02_Order Modification,CSD > Document Library > SALES > 02_Order Modification
02_Adjust Line Items,02_adjust line items,02_order modification,EXACT_FILENAME,1.0,02_Adjust Line Items,02_Adjust Line Items.udc,02_Order Modification,CSD > Document Library > PALCO POWER SYSTEMS > SALES > 02_Order Modification
19-Merge WT RRAR,19-merge wt rrar,11-warehouse planning,NONE,0.0,,,,
18-Accept WT RRAR,18-accept wt rrar,11-warehouse planning,NONE,0.0,,,,
13-Receive Warehouse Transfer,13-receive warehouse transfer,11-warehouse planning,NONE,0.0,,,,
15-Inquire on a Product,15-inquire on a product,11-warehouse planning,NONE,0.0,,,,
14-Process Exception Receipts,14-process exception receipts,11-warehouse planning,NONE,0.0,,,,
17-Run WT Entry Recommended Replenishment Action Report,17-run wt entry recommended replenishment action report,11-warehouse planning,FUZZY,0.964,07_Run WT Entry Recommended Replenishment Action Report,CO1_SE_Warehouse Transfer_OPM_07_Run WT Entry Recommended Replenishment Action Report_KC.udc,04_Transfer Orders Picking to Shipping,CSD > Document Library > OPERATIONS > 02_Warehouse > 04_Transfer Orders Picking to Shipping
16-Print Count Sheets,16-print count sheets,11-warehouse planning,FUZZY,0.857,03_Print Count Sheets,CO1_SE_Count Cycle_OPM_03_Print Count Sheets_KC.udc,01_Physical or Cycle Count to Count Update,CSD > Document Library > OPERATIONS > 02_Warehouse > 01_Physical or Cycle Count to Count Update
02_Verify Customer Eligibility,02_verify customer eligibility,01_basic bidding process,EXACT_FILENAME,1.0,02_Verify Customer Eligibility,02_Verify Customer Eligibility.udc,01_Basic Bidding Process,CSD > Document Library > PJM > 01_Basic Bidding Process
05 Copy Pricing Record to New Customer,05 copy pricing record to new customer,06-pricing,NONE,0.0,,,,
05-Apply payment with debit memo,05-apply payment with debit memo,04-accounts receivable,FUZZY,0.938,04_Apply Payment with Debit Memo,03_Apply Payment with Debit Memo.udc,02_Quote to Cash,CSD > Document Library > FINANCIAL > Accounts Receivable > 02_Quote to Cash
11-Apply short payment with write-off,11-apply short payment with write-off,04-accounts receivable,FUZZY,0.919,09_Apply Short Payment with Write-Off,CO1_SE_Q2C_OP9_Apply Short Payment with Write-off_KC.udc,02_Quote to Cash,CSD > Document Library > FINANCIAL > Accounts Receivable > 02_Quote to Cash
23-Update account due to returned check,23-update account due to returned check,04-accounts receivable,NONE,0.0,,,,
06-Reverse a transaction,06-reverse a transaction,04-accounts receivable,NONE,0.0,,,,
04 Create Pricing Record Using Quantity Break,04 create pricing record using quantity break,06-pricing,NONE,0.0,,,,
04-Enter a credit memo,04-enter a credit memo,04-accounts receivable,FUZZY,0.909,02_Enter a Credit Memo,CO1_SE_Q2C_OP2_Enter a Credit Memo_KC.udc,02_Quote to Cash,CSD > Document Library > FINANCIAL > Accounts Receivable > 02_Quote to Cash
02-Set up ship-to address,02-set up ship-to address,04-accounts receivable,NONE,0.0,,,,
10-Process short payment,10-process short payment,04-accounts receivable,FUZZY,0.917,08_Process Short Payment,08_Process Short Payment.udc,02_Quote to Cash,CSD > Document Library > FINANCIAL > Accounts Receivable > 02_Quote to Cash
27-AR Trial Balance Report,27-ar trial balance report,04-accounts receivable,NONE,0.0,,,,
02 Set Up a Customer Record,02 set up a customer record,06-pricing,NONE,0.0,,,,
15-Apply account credits to invoice,15-apply account credits to invoice,04-accounts receivable,FUZZY,0.943,13_Apply Account Credits to Invoice,13_Apply Account Credits to Invoice.udc,02_Quote to Cash,CSD > Document Library > FINANCIAL > Accounts Receivable > 02_Quote to Cash
28-AR Period Analysis Report,28-ar period analysis report,04-accounts receivable,NONE,0.0,,,,
01 Customer Inquiry Pricing,01 customer inquiry pricing,06-pricing,NONE,0.0,,,,
01-Set up customer,01-set up customer,04-accounts receivable,NONE,0.0,,,,
24-AR Open Activity Report,24-ar open activity report,04-accounts receivable,NONE,0.0,,,,
09-Apply payment to oldest invoice,09-apply payment to oldest invoice,04-accounts receivable,FUZZY,0.941,07_Apply Payment to Oldest Invoice,07_Apply Payment to Oldest Invoice.udc,02_Quote to Cash,CSD > Document Library > FINANCIAL > Accounts Receivable > 02_Quote to Cash
20-Complete price correction,20-complete price correction,04-accounts receivable,NONE,0.0,,,,
08-Apply payment to multiple invoices,08-apply payment to multiple invoices,04-accounts receivable,FUZZY,0.946,06_Apply Payment to Multiple Invoices,06_Apply Payment to Multiple Invoices.udc,02_Quote to Cash,CSD > Document Library > FINANCIAL > Accounts Receivable > 02_Quote to Cash
21-Correct payment posted to wrong account,21-correct payment posted to wrong account,04-accounts receivable,NONE,0.0,,,,
18-Modify customer invoice,18-modify customer invoice,04-accounts receivable,NONE,0.0,,,,
19-Release credit hold,19-release credit hold,04-accounts receivable,FUZZY,0.909,01_Release Credit Hold,CO1_SE_Q2C - SSOP2 - OP1_Release Credit Hold_KC.udc,Credit,CSD > Document Library > FINANCIAL > Credit
07-Apply payment to invoice,07-apply payment to invoice,04-accounts receivable,FUZZY,0.926,05_Apply Payment to Invoice,05_Apply Payment to Invoice.udc,02_Quote to Cash,CSD > Document Library > FINANCIAL > Accounts Receivable > 02_Quote to Cash
14-Apply credit to invoice,14-apply credit to invoice,04-accounts receivable,FUZZY,0.923,12_Apply Credit to Invoice,12_Apply Credit to Invoice.udc,02_Quote to Cash,CSD > Document Library > FINANCIAL > Accounts Receivable > 02_Quote to Cash
12-Apply payment with unearned discount,12-apply payment with unearned discount,04-accounts receivable,FUZZY,0.949,10_Apply Payment with Unearned Discount,CO1_SE_Q2C_OP10_Apply Payment with Unearned Discount_KC (2).udc,02_Quote to Cash,CSD > Document Library > FINANCIAL > Accounts Receivable > 02_Quote to Cash
26-Print customer statement,26-print customer statement,04-accounts receivable,NONE,0.0,,,,
17-Apply misc cash,17-apply misc cash,04-accounts receivable,FUZZY,0.889,15_Apply Misc Cash,15_Apply Misc Cash (1).udc,02_Quote to Cash,CSD > Document Library > FINANCIAL > Accounts Receivable > 02_Quote to Cash
07 Load Price Set to PD Mass Maintenance,07 load price set to pd mass maintenance,06-pricing,NONE,0.0,,,,
25-Run AR Roll Balances and assess service charge,25-run ar roll balances and assess service charge,04-accounts receivable,FUZZY,0.884,02_Run ARER Roll Balances asses Service Charge,CO1_SE_ARACT 1-OP2_Run ARER Roll Balances asses Service Charge_KC.udc,04_Accounts Receivable Reporting and Analysis,CSD > Document Library > FINANCIAL > Accounts Receivable > 04_Accounts Receivable Reporting and Analysis
29-AR Year End Processing Report,29-ar year end processing report,04-accounts receivable,FUZZY,0.853,06_Run AR Year End Processing Report,CO1_SE_ARACT 1_OP6_Run AR Year End Processing Report_KC.udc,04_Accounts Receivable Reporting and Analysis,CSD > Document Library > FINANCIAL > Accounts Receivable > 04_Accounts Receivable Reporting and Analysis
16-Apply a COD credit,16-apply a cod credit,04-accounts receivable,NONE,0.0,,,,
03 Create and Verify a Pricing Record,03 create and verify a pricing record,06-pricing,NONE,0.0,,,,
22-Process short payment with sales tax write-off,22-process short payment with sales tax write-off,04-accounts receivable,NONE,0.0,,,,
03-Enter an invoice,03-enter an invoice,04-accounts receivable,FUZZY,0.895,01_Enter an Invoice,01_Enter an Invoice (2).udc,02_Quote to Cash,CSD > Document Library > FINANCIAL > Accounts Receivable > 02_Quote to Cash
06 Create Price Record Set,06 create price record set,06-pricing,NONE,0.0,,,,
13-Apply payment using split check,13-apply payment using split check,04-accounts receivable,FUZZY,0.941,11_Apply Payment Using Split Check,CO1_SE_Q2C_OP11_Apply Payment Using Split Check_KC.udc,02_Quote to Cash,CSD > Document Library > FINANCIAL > Accounts Receivable > 02_Quote to Cash
Quiz Level 2 | Accounts Receivable,quiz level 2 ar,financial,EXACT_FILENAME,1.0,Quiz Level 2 | Accounts Receivable,Quiz Level 2 AR.ulc,FINANCIAL,CSD > Document Library > FINANCIAL
01 Run SA Operator Security Violations Report,01 run sa operator security violations report,07-operator security,NONE,0.0,,,,
09 Import Pricing Data from Excel,09 import pricing data from excel,06-pricing,NONE,0.0,,,,
03-Create Report Scheduler Queue,03-create report scheduler queue,12-report scheduler and manager,NONE,0.0,,,,
04-Grant Authority to an Operator,04-grant authority to an operator,07-operator security,NONE,0.0,,,,
03-Review R and D Operator Record,03-review r and d operator record,07-operator security,NONE,0.0,,,,
08 Export Pricing Data to Excel,08 export pricing data to excel,06-pricing,NONE,0.0,,,,
11 Run Expired Pricing Records Report,11 run expired pricing records report,06-pricing,NONE,0.0,,,,
10 Copy Pricing Record to New Customer,10 copy pricing record to new customer,06-pricing,NONE,0.0,,,,
04-Create Report Scheduler Job Group,04-create report scheduler job group,12-report scheduler and manager,NONE,0.0,,,,
02-Review Operator Record,02-review operator record,07-operator security,NONE,0.0,,,,
01-Set Up Report Schedule Type,01-set up report schedule type,12-report scheduler and manager,NONE,0.0,,,,
02-Report Scheduler Startup-Shutdown Function,02-report scheduler startup-shutdown function,12-report scheduler and manager,NONE,0.0,,,,
"06-Change vendor invoice - due date, discount rate","06-change vendor invoice - due date, discount rate",03-accounts payable,FUZZY,0.96,"04_Change Vendor Invoice - Due Date, Discount Rate","04_Change Vendor Invoice - Due Date, Discount Rate (1) (1).udc",02_Basic AP Process,CSD > Document Library > FINANCIAL > Accounts Payable > 02_Basic AP Process
03-Create invoice process group,03-create invoice process group,03-accounts payable,FUZZY,0.935,01_Create Invoice Process Group,01_Create Invoice Process Group (1).udc,02_Basic AP Process,CSD > Document Library > FINANCIAL > Accounts Payable > 02_Basic AP Process
03_Establish Job Entry,03_establish job entry,01_basic bidding process,EXACT_FILENAME,1.0,03_Establish Job Entry,03_Establish Job Entry.udc,01_Basic Bidding Process,CSD > Document Library > PJM > 01_Basic Bidding Process
02_Add Items to PO and Finish It,02_add items to po and finish it,01_purchase order entry to print,EXACT_FILENAME,1.0,02_Add Items to PO and Finish It,02_Add Items to PO and Finish It (1).udc,01_Purchase Order Entry to Print,CSD > Document Library > PURCHASING > 01_Purchase Order Entry to Print
05_Add Bidder Details to Project Entry,05_add bidder details to project entry,01_basic bidding process,EXACT_FILENAME,1.0,05_Add Bidder Details to Project Entry,05_Add Bidder Details to Project Entry.udc,01_Basic Bidding Process,CSD > Document Library > PJM > 01_Basic Bidding Process
04_View Job in Bidding Calendar,04_view job in bidding calendar,01_basic bidding process,EXACT_FILENAME,1.0,04_View Job in Bidding Calendar,04_View Job in Bidding Calendar.udc,01_Basic Bidding Process,CSD > Document Library > PJM > 01_Basic Bidding Process
01_Copy Quote Order to a Stock Order,01_copy quote order to a stock order,04_order copying and conversion,EXACT_FILENAME,1.0,01_Copy Quote Order to a Stock Order,01_Copy Quote Order to a Stock Order.udc,04_Order Copying and Conversion,CSD > Document Library > SALES > 04_Order Copying and Conversion
01_Review the Shopping List,01_review the shopping list,03_order review,EXACT_FILENAME,1.0,01_Review the Shopping List,01_Review the Shopping List.udc,03_Order Review,CSD > Document Library > PALCO POWER SYSTEMS > SALES > 03_Order Review
"04_Add Comments, Notes to Customer Sales Order","04_add comments, notes to customer sales order",02_order modification,EXACT_FILENAME,1.0,"04_Add Comments, Notes to Customer Sales Order","04_Add Comments, Notes to Customer Sales Order (1).udc",02_Order Modification,CSD > Document Library > SALES > 02_Order Modification
04_View Units of Measure,04_view units of measure,03_order review,EXACT_FILENAME,1.0,04_View Units of Measure,04_View Units of Measure.udc,03_Order Review,CSD > Document Library > SALES > 03_Order Review
02_Copy Customer Sales Order,02_copy customer sales order,04_order copying and conversion,EXACT_FILENAME,1.0,02_Copy Customer Sales Order,02_Copy Customer Sales Order.udc,04_Order Copying and Conversion,CSD > Document Library > SALES > 04_Order Copying and Conversion
06_Suspend an Order,06_suspend an order,02_order modification,EXACT_FILENAME,1.0,06_Suspend an Order,06_Suspend an Order.udc,02_Order Modification,CSD > Document Library > PALCO POWER SYSTEMS > SALES > 02_Order Modification
05_Manually Apply Hold and Approve Held Order,05_manually apply hold and approve held order,02_order modification,EXACT_FILENAME,1.0,05_Manually Apply Hold and Approve Held Order,05_Manually Apply Hold and Approve Held Order.udc,02_Order Modification,CSD > Document Library > PALCO POWER SYSTEMS > SALES > 02_Order Modification
01_Process Core as Return Merchandise,01_process core as return merchandise,battery,EXACT_FILENAME,1.0,01_Process Core as Return Merchandise,01_Process Core as Return Merchandise.udc,BATTERY,CSD > Document Library > SALES > BATTERY
01_Wire Order Placement,co1_se_sop_wc_01_wire order placement_kc,07_wire order placement,EXACT_FILENAME,1.0,01_Wire Order Placement,CO1_SE_SOP_WC_01_Wire Order Placement_KC.udc,07_Wire Order Placement,CSD > Document Library > SALES > 07_Wire Order Placement
09-Perform a reversal,09-perform a reversal,03-accounts payable,FUZZY,0.905,07_Perform a Reversal,07_Perform a Reversal (1).udc,02_Basic AP Process,CSD > Document Library > FINANCIAL > Accounts Payable > 02_Basic AP Process
02-Set up vendor ship-from,02-set up vendor ship-from,03-accounts payable,NONE,0.0,,,,
12-Enter a debit memo,12-enter a debit memo,03-accounts payable,FUZZY,0.905,10_Enter a Debit Memo,10_Enter a Debit Memo (1).udc,02_Basic AP Process,CSD > Document Library > FINANCIAL > Accounts Payable > 02_Basic AP Process
08-Change payment to split payment schedule,08-change payment to split payment schedule,03-accounts payable,FUZZY,0.953,06_Change Payment to Split Payment Schedule,06_Change Payment to Split Payment Schedule (1) (1).udc,02_Basic AP Process,CSD > Document Library > FINANCIAL > Accounts Payable > 02_Basic AP Process
11-Enter a misc credit,11-enter a misc credit,03-accounts payable,FUZZY,0.864,09_Enter a Misc Credit,09_Enter a Misc Credit (1).udc,02_Basic AP Process,CSD > Document Library > FINANCIAL > Accounts Payable > 02_Basic AP Process
04-Enter and process expense invoice,04-enter and process expense invoice,03-accounts payable,FUZZY,0.944,02_Enter and Process Expense Invoice,02_Enter and Process Expense Invoice.udc,02_Basic AP Process,CSD > Document Library > FINANCIAL > Accounts Payable > 02_Basic AP Process
14-Create new trade vendor,14-create new trade vendor,03-accounts payable,FUZZY,0.923,12_Create New Trade Vendor,12_Create New Trade Vendor.udc,02_Basic AP Process,CSD > Document Library > FINANCIAL > Accounts Payable > 02_Basic AP Process
15-Enter trade invoice - PO matches,15-enter trade invoice - po matches,03-accounts payable,FUZZY,0.943,13_Enter Trade Invoice - PO Matches,13_Enter Trade Invoice - PO Matches (1).udc,02_Basic AP Process,CSD > Document Library > FINANCIAL > Accounts Payable > 02_Basic AP Process
05-Inquire on vendor info,05-inquire on vendor info,03-accounts payable,FUZZY,0.92,03_Inquire on Vendor Info,03_Inquire on Vendor Info (1).udc,02_Basic AP Process,CSD > Document Library > FINANCIAL > Accounts Payable > 02_Basic AP Process
10-Enter a credit memo,10-enter a credit memo,03-accounts payable,FUZZY,0.909,02_Enter a Credit Memo,CO1_SE_Q2C_OP2_Enter a Credit Memo_KC.udc,02_Quote to Cash,CSD > Document Library > FINANCIAL > Accounts Receivable > 02_Quote to Cash
07-Set up split payment for invoice in Entered stage,07-set up split payment for invoice in entered stage,03-accounts payable,FUZZY,0.962,05_Set Up Split Payment for Invoice in Entered Stage,05_Set Up Split Payment for Invoice in Entered Stage (1).udc,02_Basic AP Process,CSD > Document Library > FINANCIAL > Accounts Payable > 02_Basic AP Process
16-Enter trade invoice - PO does not match,16-enter trade invoice - po does not match,03-accounts payable,NONE,0.0,,,,
13-Enter a manual payment,13-enter a manual payment,03-accounts payable,NONE,0.0,,,,
01-Set Up New Product and Product Line,01-set up new product and product line,10-purchase planning,NONE,0.0,,,,
28-Set up federal tax 1099,28-set up federal tax 1099,03-accounts payable,NONE,0.0,,,,
22-Select invoices for payment,22-select invoices for payment,03-accounts payable,FUZZY,0.9,19_Select Invoices for Payment,19_Select Invoices for Payment.udc,02_Basic AP Process,CSD > Document Library > FINANCIAL > Accounts Payable > 02_Basic AP Process
17-Enter trade invoice - add-on charges,17-enter trade invoice - add-on charges,03-accounts payable,FUZZY,0.923,15_Enter Trade Invoice - Add On Charges,15_Enter Trade Invoice - Add On Charges (1) (3).udc,02_Basic AP Process,CSD > Document Library > FINANCIAL > Accounts Payable > 02_Basic AP Process
27-Set up vendor history table,27-set up vendor history table,03-accounts payable,NONE,0.0,,,,
20-Enter trade invoice - PO correction,20-enter trade invoice - po correction,03-accounts payable,FUZZY,0.921,18_Enter Trade Invoice - PO Correction,18_Enter Trade Invoice - PO Correction (1).udc,02_Basic AP Process,CSD > Document Library > FINANCIAL > Accounts Payable > 02_Basic AP Process
24-Print checks,24-print checks,03-accounts payable,FUZZY,0.867,21_Print Checks,21_Print Checks (1).udc,02_Basic AP Process,CSD > Document Library > FINANCIAL > Accounts Payable > 02_Basic AP Process
25-Set up misc vendor in AP,25-set up misc vendor in ap,03-accounts payable,NONE,0.0,,,,
19-Enter trade invoice - partial receipt,19-enter trade invoice - partial receipt,03-accounts payable,NONE,0.0,,,,
26-Enter invoice for misc vendor,26-enter invoice for misc vendor,03-accounts payable,FUZZY,0.938,23_Enter Invoice for Misc Vendor,CO1_SE_P2P_OP23_Enter Invoice for Misc Vendor_KC.udc,02_Basic AP Process,CSD > Document Library > FINANCIAL > Accounts Payable > 02_Basic AP Process
23-AP Vendor Entry Pay Invoice Due Report,23-ap vendor entry pay invoice due report,03-accounts payable,FUZZY,0.951,20_AP Vendor Entry Pay Invoice Due Report,CO1_SE_P2P_OP20_AP Vendor Entry Pay Invoice Due Report_AH 2.27.25 (1).udc,02_Basic AP Process,CSD > Document Library > FINANCIAL > Accounts Payable > 02_Basic AP Process
21-Cash Requirements Report,21-cash requirements report,03-accounts payable,NONE,0.0,,,,
18-Enter trade invoice - reconcile against multiple POs,18-enter trade invoice - reconcile against multiple pos,03-accounts payable,FUZZY,0.964,16_Enter Trade Invoice - Reconcile Against Multiple POs,CO1_SE_P2P_OP16_Enter Trade Invoice - reconcile against multiple POs_KC (1).udc,02_Basic AP Process,CSD > Document Library > FINANCIAL > Accounts Payable > 02_Basic AP Process
01_Run (ARRO) AR Open Activity Report,01_run (arro) ar open activity report,04_accounts receivable reporting and analysis,EXACT_FILENAME,1.0,01_Run (ARRO) AR Open Activity Report,01_Run (ARRO) AR Open Activity Report.udc,04_Accounts Receivable Reporting and Analysis,CSD > Document Library > FINANCIAL > Accounts Receivable > 04_Accounts Receivable Reporting and Analysis
05_Set Up Split Payment for Invoice in Entered Stage,05_set up split payment for invoice in entered stage,02_basic ap process,EXACT_FILENAME,1.0,05_Set Up Split Payment for Invoice in Entered Stage,05_Set Up Split Payment for Invoice in Entered Stage (1).udc,02_Basic AP Process,CSD > Document Library > FINANCIAL > Accounts Payable > 02_Basic AP Process
04_(ARRT) Run Trial Balance Report,04_(arrt) run trial balance report,04_accounts receivable reporting and analysis,EXACT_FILENAME,1.0,04_(ARRT) Run Trial Balance Report,04_(ARRT) Run Trial Balance Report.udc,04_Accounts Receivable Reporting and Analysis,CSD > Document Library > FINANCIAL > Accounts Receivable > 04_Accounts Receivable Reporting and Analysis
01_Price Correction,co1_se_ar maint_op1_price correction_kc,03_account adjustments and corrections,EXACT_FILENAME,1.0,01_Price Correction,CO1_SE_AR Maint_OP1_Price Correction_KC.udc,03_Account Adjustments and Corrections,CSD > Document Library > FINANCIAL > Accounts Receivable > 03_Account Adjustments and Corrections
02_Ship-to Setup,02ship-to setup,01_basic setup,EXACT_FILENAME,1.0,02_Ship-to Setup,02Ship-to Setup.udc,01_Basic Setup,CSD > Document Library > FINANCIAL > Accounts Receivable > 01_Basic Setup
06_Run AR Year End Processing Report,co1_se_aract 1_op6_run ar year end processing report_kc,04_accounts receivable reporting and analysis,EXACT_FILENAME,1.0,06_Run AR Year End Processing Report,CO1_SE_ARACT 1_OP6_Run AR Year End Processing Report_KC.udc,04_Accounts Receivable Reporting and Analysis,CSD > Document Library > FINANCIAL > Accounts Receivable > 04_Accounts Receivable Reporting and Analysis
03_Inquire on Vendor Info,03_inquire on vendor info,02_basic ap process,EXACT_FILENAME,1.0,03_Inquire on Vendor Info,03_Inquire on Vendor Info (1).udc,02_Basic AP Process,CSD > Document Library > FINANCIAL > Accounts Payable > 02_Basic AP Process
05_(ARRP) Period Analysis Report,05_(arrp) period analysis report,04_accounts receivable reporting and analysis,EXACT_FILENAME,1.0,05_(ARRP) Period Analysis Report,05_(ARRP) Period Analysis Report.udc,04_Accounts Receivable Reporting and Analysis,CSD > Document Library > FINANCIAL > Accounts Receivable > 04_Accounts Receivable Reporting and Analysis
21_Review Journal,co1_se_sop_op21_review journal_kc,02_quote to cash,EXACT_FILENAME,1.0,21_Review Journal,CO1_SE_SOP_OP21_Review Journal_KC.udc,02_Quote to Cash,CSD > Document Library > FINANCIAL > Accounts Receivable > 02_Quote to Cash
13_Apply Account Credits to Invoice,13_apply account credits to invoice,02_quote to cash,EXACT_FILENAME,1.0,13_Apply Account Credits to Invoice,13_Apply Account Credits to Invoice.udc,02_Quote to Cash,CSD > Document Library > FINANCIAL > Accounts Receivable > 02_Quote to Cash
23_Invoice Processing,co1_se_sop_op23_invoice processing_kc,02_quote to cash,EXACT_FILENAME,1.0,23_Invoice Processing,CO1_SE_SOP_OP23_Invoice Processing_KC.udc,02_Quote to Cash,CSD > Document Library > FINANCIAL > Accounts Receivable > 02_Quote to Cash
04_Returned Check,co1_se_sop ar maint_op4_returned check_kc,03_account adjustments and corrections,EXACT_FILENAME,1.0,04_Returned Check,CO1_SE_SOP AR Maint_OP4_Returned Check_KC.udc,03_Account Adjustments and Corrections,CSD > Document Library > FINANCIAL > Accounts Receivable > 03_Account Adjustments and Corrections
11_Apply Payment Using Split Check,co1_se_q2c_op11_apply payment using split check_kc,02_quote to cash,EXACT_FILENAME,1.0,11_Apply Payment Using Split Check,CO1_SE_Q2C_OP11_Apply Payment Using Split Check_KC.udc,02_Quote to Cash,CSD > Document Library > FINANCIAL > Accounts Receivable > 02_Quote to Cash
05_Apply Payment to Invoice,05_apply payment to invoice,02_quote to cash,EXACT_FILENAME,1.0,05_Apply Payment to Invoice,05_Apply Payment to Invoice.udc,02_Quote to Cash,CSD > Document Library > FINANCIAL > Accounts Receivable > 02_Quote to Cash
01_Create Invoice Process Group,01_create invoice process group,02_basic ap process,EXACT_FILENAME,1.0,01_Create Invoice Process Group,01_Create Invoice Process Group (1).udc,02_Basic AP Process,CSD > Document Library > FINANCIAL > Accounts Payable > 02_Basic AP Process
15_Apply Misc Cash,15_apply misc cash,02_quote to cash,EXACT_FILENAME,1.0,15_Apply Misc Cash,15_Apply Misc Cash (1).udc,02_Quote to Cash,CSD > Document Library > FINANCIAL > Accounts Receivable > 02_Quote to Cash
08_Process Short Payment,08_process short payment,02_quote to cash,EXACT_FILENAME,1.0,08_Process Short Payment,08_Process Short Payment.udc,02_Quote to Cash,CSD > Document Library > FINANCIAL > Accounts Receivable > 02_Quote to Cash
09_Apply Short Payment with Write-Off,co1_se_q2c_op9_apply short payment with write-off_kc,02_quote to cash,EXACT_FILENAME,1.0,09_Apply Short Payment with Write-Off,CO1_SE_Q2C_OP9_Apply Short Payment with Write-off_KC.udc,02_Quote to Cash,CSD > Document Library > FINANCIAL > Accounts Receivable > 02_Quote to Cash
16_Customer Statement Print,co1_se_sop_op16_customer statement print_kc,02_quote to cash,EXACT_FILENAME,1.0,16_Customer Statement Print,CO1_SE_SOP_OP16_Customer Statement Print_KC.udc,02_Quote to Cash,CSD > Document Library > FINANCIAL > Accounts Receivable > 02_Quote to Cash
09_Enter a Misc Credit,09_enter a misc credit,02_basic ap process,EXACT_FILENAME,1.0,09_Enter a Misc Credit,09_Enter a Misc Credit (1).udc,02_Basic AP Process,CSD > Document Library > FINANCIAL > Accounts Payable > 02_Basic AP Process
18_Process Overpayment,co1_se_sop_op18_process overpayment_kc,02_quote to cash,EXACT_FILENAME,1.0,18_Process Overpayment,CO1_SE_SOP_OP18_Process Overpayment_KC.udc,02_Quote to Cash,CSD > Document Library > FINANCIAL > Accounts Receivable > 02_Quote to Cash
07_Apply Payment to Oldest Invoice,07_apply payment to oldest invoice,02_quote to cash,EXACT_FILENAME,1.0,07_Apply Payment to Oldest Invoice,07_Apply Payment to Oldest Invoice.udc,02_Quote to Cash,CSD > Document Library > FINANCIAL > Accounts Receivable > 02_Quote to Cash
07_Perform a Reversal,07_perform a reversal,02_basic ap process,EXACT_FILENAME,1.0,07_Perform a Reversal,07_Perform a Reversal (1).udc,02_Basic AP Process,CSD > Document Library > FINANCIAL > Accounts Payable > 02_Basic AP Process
10_Enter a Debit Memo,10_enter a debit memo,02_basic ap process,EXACT_FILENAME,1.0,10_Enter a Debit Memo,10_Enter a Debit Memo (1).udc,02_Basic AP Process,CSD > Document Library > FINANCIAL > Accounts Payable > 02_Basic AP Process
"04_Change Vendor Invoice - Due Date, Discount Rate","04_change vendor invoice - due date, discount rate (1)",02_basic ap process,EXACT_FILENAME,1.0,"04_Change Vendor Invoice - Due Date, Discount Rate","04_Change Vendor Invoice - Due Date, Discount Rate (1) (1).udc",02_Basic AP Process,CSD > Document Library > FINANCIAL > Accounts Payable > 02_Basic AP Process
03_Run Customer Statement (ARES),co1_se_aract 1_op3_run customer statement (ares)_kc,04_accounts receivable reporting and analysis,EXACT_FILENAME,1.0,03_Run Customer Statement (ARES),CO1_SE_ARACT 1_OP3_Run Customer Statement (ARES)_KC.udc,04_Accounts Receivable Reporting and Analysis,CSD > Document Library > FINANCIAL > Accounts Receivable > 04_Accounts Receivable Reporting and Analysis
17_Payment Reversal,co1_se_sop_op17_payment reversal_kc,02_quote to cash,EXACT_FILENAME,1.0,17_Payment Reversal,CO1_SE_SOP_OP17_Payment Reversal_KC.udc,02_Quote to Cash,CSD > Document Library > FINANCIAL > Accounts Receivable > 02_Quote to Cash
01_Customer Setup,co1_se_q2c_op0_customer setup_kc,01_basic setup,EXACT_FILENAME,1.0,01_Customer Setup,CO1_SE_Q2C_OP0_Customer Setup_KC.udc,01_Basic Setup,CSD > Document Library > FINANCIAL > Accounts Receivable > 01_Basic Setup
10_Apply Payment with Unearned Discount,co1_se_q2c_op10_apply payment with unearned discount_kc,02_quote to cash,EXACT_FILENAME,1.0,10_Apply Payment with Unearned Discount,CO1_SE_Q2C_OP10_Apply Payment with Unearned Discount_KC (2).udc,02_Quote to Cash,CSD > Document Library > FINANCIAL > Accounts Receivable > 02_Quote to Cash
22_Run Credit Card Receive on Account,co1_se_sop_op22_run credit card receive on account_kc,02_quote to cash,EXACT_FILENAME,1.0,22_Run Credit Card Receive on Account,CO1_SE_SOP_OP22_Run Credit Card Receive on Account_KC.udc,02_Quote to Cash,CSD > Document Library > FINANCIAL > Accounts Receivable > 02_Quote to Cash
19_Refund Customer via Check,co1_se_sop_op19_refund customer via check_kc,02_quote to cash,EXACT_FILENAME,1.0,19_Refund Customer via Check,CO1_SE_SOP_OP19_Refund Customer via Check_KC.udc,02_Quote to Cash,CSD > Document Library > FINANCIAL > Accounts Receivable > 02_Quote to Cash
03_Short Pay with Sales Tax,03_short pay with sales tax,03_account adjustments and corrections,EXACT_FILENAME,1.0,03_Short Pay with Sales Tax,03_Short Pay with Sales Tax.udc,03_Account Adjustments and Corrections,CSD > Document Library > FINANCIAL > Accounts Receivable > 03_Account Adjustments and Corrections
06_Apply Payment to Multiple Invoices,06_apply payment to multiple invoices,02_quote to cash,EXACT_FILENAME,1.0,06_Apply Payment to Multiple Invoices,06_Apply Payment to Multiple Invoices.udc,02_Quote to Cash,CSD > Document Library > FINANCIAL > Accounts Receivable > 02_Quote to Cash
12_Apply Credit to Invoice,12_apply credit to invoice,02_quote to cash,EXACT_FILENAME,1.0,12_Apply Credit to Invoice,12_Apply Credit to Invoice.udc,02_Quote to Cash,CSD > Document Library > FINANCIAL > Accounts Receivable > 02_Quote to Cash
01_Enter an Invoice,01_enter an invoice,02_quote to cash,EXACT_FILENAME,1.0,01_Enter an Invoice,01_Enter an Invoice (2).udc,02_Quote to Cash,CSD > Document Library > FINANCIAL > Accounts Receivable > 02_Quote to Cash
01_ISM Incident,01_ism incident (1) (1),01_service order process,EXACT_FILENAME,1.0,01_ISM Incident,01_ISM Incident (1) (1) (1).udc,01_Service Order Process,CSD > Document Library > PALCO POWER SYSTEMS > ISM > 01_Service Order Process
01_Travel to Site,co3_pps_ff01_travel to site_kc,07_tech mobile,EXACT_FILENAME,1.0,01_Travel to Site,CO3_PPS_FF01_Travel to Site_KC.udc,07_Tech Mobile,CSD > Document Library > PALCO POWER SYSTEMS > ISM > 07_Tech Mobile
06_Enter a Non-Stock Product on an Order,06_enter a non stock product on an order,01_order entry,EXACT_FILENAME,1.0,06_Enter a Non-Stock Product on an Order,06_Enter a Non Stock Product On an Order (1).udc,01_Order Entry,CSD > Document Library > SALES > 01_Order Entry
06_Add Vendor Details to Project Entry,06_add vendor details to project entry,01_basic bidding process,EXACT_FILENAME,1.0,06_Add Vendor Details to Project Entry,06_Add Vendor Details to Project Entry.udc,01_Basic Bidding Process,CSD > Document Library > PJM > 01_Basic Bidding Process
"02_Customer Inquiry with Past Due Invoices, Large Dollar Amount Balance","co1_se_ssop2-op2_customer inquiry with past due invoices, large dollar amount balance_kc",credit,EXACT_FILENAME,1.0,"02_Customer Inquiry with Past Due Invoices, Large Dollar Amount Balance","CO1_SE_SSOP2-OP2_Customer Inquiry with Past Due Invoices, Large Dollar Amount Balance_KC.udc",Credit,CSD > Document Library > FINANCIAL > Credit
03_Acknowledge Purchase Order,co1_se_sop_pur_prirec_opm_3_acknowledge purchase order_bw_kc,04_po print to receipt,EXACT_FILENAME,1.0,03_Acknowledge Purchase Order,CO1_SE_SOP_PUR_PRIREC_OPM_3_Acknowledge Purchase Order_BW_KC.udc,04_PO Print to Receipt,CSD > Document Library > PURCHASING > 04_PO Print to Receipt
08_Enter a Credit Memo,co1_se_p2p_op8_enter a credit memo_am 02.24.25 (1),02_basic ap process,EXACT_FILENAME,1.0,08_Enter a Credit Memo,CO1_SE_P2P_OP8_Enter a Credit Memo_AM 02.24.25 (1) (1).udc,02_Basic AP Process,CSD > Document Library > FINANCIAL > Accounts Payable > 02_Basic AP Process
01.2_CSD Incident,02_csd incident (1),01_service order process,EXACT_FILENAME,1.0,01.2_CSD Incident,02_CSD Incident (1) (1).udc,01_Service Order Process,CSD > Document Library > PALCO POWER SYSTEMS > ISM > 01_Service Order Process
19_Select Invoices for Payment,19_select invoices for payment,02_basic ap process,EXACT_FILENAME,1.0,19_Select Invoices for Payment,19_Select Invoices for Payment.udc,02_Basic AP Process,CSD > Document Library > FINANCIAL > Accounts Payable > 02_Basic AP Process
04_Accumulative POs,co1_se_pur_misc_opm_04_accumulative pos_kc,08_miscellaneous,EXACT_FILENAME,1.0,04_Accumulative POs,CO1_SE_PUR_MISC_OPM_04_Accumulative POs_KC.udc,08_Miscellaneous,CSD > Document Library > PURCHASING > 08_Miscellaneous
01_Print PO Expedite Report,co1_se_sop_pur_rep_opm_01_print po expedite report_bw_kc,06.5_run reports,EXACT_FILENAME,1.0,01_Print PO Expedite Report,CO1_SE_SOP_PUR_REP_OPM_01_Print PO Expedite Report_BW_KC.udc,06.5_Run Reports,CSD > Document Library > PURCHASING > 06.5_Run Reports
18_Enter Trade Invoice - PO Correction,18_enter trade invoice - po correction,02_basic ap process,EXACT_FILENAME,1.0,18_Enter Trade Invoice - PO Correction,18_Enter Trade Invoice - PO Correction (1).udc,02_Basic AP Process,CSD > Document Library > FINANCIAL > Accounts Payable > 02_Basic AP Process
15_Enter Trade Invoice - Add On Charges,15_enter trade invoice - add on charges (1),02_basic ap process,EXACT_FILENAME,1.0,15_Enter Trade Invoice - Add On Charges,15_Enter Trade Invoice - Add On Charges (1) (3).udc,02_Basic AP Process,CSD > Document Library > FINANCIAL > Accounts Payable > 02_Basic AP Process
01_Create Rental Contract,01_create rental contract,02_rental process,EXACT_FILENAME,1.0,01_Create Rental Contract,01_Create Rental Contract (1).udc,02_Rental Process,CSD > Document Library > PALCO POWER SYSTEMS > ISM > 02_Rental Process
07_Run WT Entry Recommended Replenishment Action Report,co1_se_warehouse transfer_opm_07_run wt entry recommended replenishment action report_kc,04_transfer orders picking to shipping,EXACT_FILENAME,1.0,07_Run WT Entry Recommended Replenishment Action Report,CO1_SE_Warehouse Transfer_OPM_07_Run WT Entry Recommended Replenishment Action Report_KC.udc,04_Transfer Orders Picking to Shipping,CSD > Document Library > OPERATIONS > 02_Warehouse > 04_Transfer Orders Picking to Shipping
05_Update or Validate Quantities Needed,co1_se_sop_pur_rarr_opm_05_update or validate quantities needed_bw_kc,02_replinishment action report tasks,EXACT_FILENAME,1.0,05_Update or Validate Quantities Needed,CO1_SE_SOP_PUR_RARR_OPM_05_Update or Validate Quantities Needed_BW_KC.udc,02_Replinishment Action Report Tasks,CSD > Document Library > PURCHASING > 02_Replinishment Action Report Tasks
20_AP Vendor Entry Pay Invoice Due Report,co1_se_p2p_op20_ap vendor entry pay invoice due report_ah 2.27.25,02_basic ap process,EXACT_FILENAME,1.0,20_AP Vendor Entry Pay Invoice Due Report,CO1_SE_P2P_OP20_AP Vendor Entry Pay Invoice Due Report_AH 2.27.25 (1).udc,02_Basic AP Process,CSD > Document Library > FINANCIAL > Accounts Payable > 02_Basic AP Process
07_Add Planned Transactions,07_add planned transactions,01_service order process,EXACT_FILENAME,1.0,07_Add Planned Transactions,07_Add Planned Transactions.udc,01_Service Order Process,CSD > Document Library > PALCO POWER SYSTEMS > ISM > 01_Service Order Process
01_Generate RRAR,co1_se_sop_pur_rarr_opm_01_generate rrar_bw_kc,02_replinishment action report tasks,EXACT_FILENAME,1.0,01_Generate RRAR,CO1_SE_SOP_PUR_RARR_OPM_01_Generate RRAR_BW_KC (1).udc,02_Replinishment Action Report Tasks,CSD > Document Library > PURCHASING > 02_Replinishment Action Report Tasks
06_Create a Warranty Code,06_create a warranty code,04_ism set up,EXACT_FILENAME,1.0,06_Create a Warranty Code,06_Create a Warranty Code (1).udc,04_ISM Set Up,CSD > Document Library > PALCO POWER SYSTEMS > ISM > 04_ISM Set Up
24_Process Payable Invoice,24_process payable invoice,02_basic ap process,EXACT_FILENAME,1.0,24_Process Payable Invoice,24_Process Payable Invoice (1).udc,02_Basic AP Process,CSD > Document Library > FINANCIAL > Accounts Payable > 02_Basic AP Process
16_Enter Trade Invoice - Reconcile Against Multiple POs,co1_se_p2p_op16_enter trade invoice - reconcile against multiple pos_kc,02_basic ap process,EXACT_FILENAME,1.0,16_Enter Trade Invoice - Reconcile Against Multiple POs,CO1_SE_P2P_OP16_Enter Trade Invoice - reconcile against multiple POs_KC (1).udc,02_Basic AP Process,CSD > Document Library > FINANCIAL > Accounts Payable > 02_Basic AP Process
09_Correcting a Wrong Product Receipt,co1_se_pur_misc_opm_09_correcting a wrong product receipt_kc,08_miscellaneous,EXACT_FILENAME,1.0,09_Correcting a Wrong Product Receipt,CO1_SE_PUR_MISC_OPM_09_Correcting a Wrong Product Receipt_KC.udc,08_Miscellaneous,CSD > Document Library > PURCHASING > 08_Miscellaneous
06_Change Payment to Split Payment Schedule,06_change payment to split payment schedule (1),02_basic ap process,EXACT_FILENAME,1.0,06_Change Payment to Split Payment Schedule,06_Change Payment to Split Payment Schedule (1) (1).udc,02_Basic AP Process,CSD > Document Library > FINANCIAL > Accounts Payable > 02_Basic AP Process
21_Print Checks,21_print checks,02_basic ap process,EXACT_FILENAME,1.0,21_Print Checks,21_Print Checks (1).udc,02_Basic AP Process,CSD > Document Library > FINANCIAL > Accounts Payable > 02_Basic AP Process
01_Initiate Vendor Return,co1_se_sop_pur_ret_ship_opm_3_initiate vendor return_bw_kc,05_return merchandise po to shipment,EXACT_FILENAME,1.0,01_Initiate Vendor Return,CO1_SE_SOP_PUR_RET_SHIP_OPM_3_Initiate Vendor Return_BW_KC.udc,05_Return Merchandise PO to Shipment,CSD > Document Library > PURCHASING > 05_Return Merchandise PO to Shipment
13_Enter Trade Invoice - PO Matches,13_enter trade invoice - po matches,02_basic ap process,EXACT_FILENAME,1.0,13_Enter Trade Invoice - PO Matches,13_Enter Trade Invoice - PO Matches (1).udc,02_Basic AP Process,CSD > Document Library > FINANCIAL > Accounts Payable > 02_Basic AP Process
01_Create a Customer Unit,01_create a customer unit,06_register a unit,EXACT_FILENAME,1.0,01_Create a Customer Unit,01_Create a Customer Unit (1).udc,06_Register a Unit,CSD > Document Library > PALCO POWER SYSTEMS > ISM > 06_Register a Unit
02_Add a Warranty to a Unit,co3_pps_hh02_add a warranty to a unit_kc_ts,06_register a unit,EXACT_FILENAME,1.0,02_Add a Warranty to a Unit,CO3_PPS_HH02_Add a Warranty to a Unit_KC_TS.udc,06_Register a Unit,CSD > Document Library > PALCO POWER SYSTEMS > ISM > 06_Register a Unit
04_Print Gap Report,co1_se_sop_pur_rep_opm_04_print gap report_bw_kc,06.5_run reports,EXACT_FILENAME,1.0,04_Print Gap Report,CO1_SE_SOP_PUR_REP_OPM_04_Print Gap Report_BW_KC.udc,06.5_Run Reports,CSD > Document Library > PURCHASING > 06.5_Run Reports
08-Copy PO,08-copy po,10-purchase planning,NONE,0.0,,,,
25-Run replenishing pre-built kits report,25-run replenishing pre-built kits report,05-inventory control,NONE,0.0,,,,
13-Verify product adjustment,13-verify product adjustment,05-inventory control,NONE,0.0,,,,
04-Perform Lookups in a PO,04-perform lookups in a po,10-purchase planning,FUZZY,0.889,03.5_Perform Lookups in a PO,CO1_SE_SOP_PUR_ENT_OPM_03_Perform Lookups in a PO_BW_KC.udc,01_Purchase Order Entry to Print,CSD > Document Library > PURCHASING > 01_Purchase Order Entry to Print
18-Copy pricing record,18-copy pricing record,05-inventory control,NONE,0.0,,,,
21-Create product lot numbers,21-create product lot numbers,05-inventory control,NONE,0.0,,,,
18-View Consolidation Info in Demand Center,18-view consolidation info in demand center,10-purchase planning,FUZZY,0.953,01_View Consolidation Info in Demand Center,CO1_SE_SOP_PUR_LINE_DEM_01_View Consolidation Info in Demand Center_BW_KC.udc,06_Demand Tasks (DEM),CSD > Document Library > PURCHASING > 06_Demand Tasks (DEM)
06-Locate PO using PO Inquiry,06-locate po using po inquiry,10-purchase planning,FUZZY,0.931,05_Locate PO Using PO Inquiry,CO1_SOP_PUR_ENT_OPM_05_Locate PO Using PO Inquiry_BW_KC.udc,01_Purchase Order Entry to Print,CSD > Document Library > PURCHASING > 01_Purchase Order Entry to Print
06-Inquire on a product,06-inquire on a product,05-inventory control,NONE,0.0,,,,
02-Assign Serial Numbers to Orders During Shipping,02-assign serial numbers to orders during shipping,11-warehouse planning,NONE,0.0,,,,
07-Inquire on product availability,07-inquire on product availability,05-inventory control,FUZZY,0.928,002_INQUIRE ON PRODUCT AVAILABILITY,002_INQUIRE ON PRODUCT AVAILABILITY.udc,00_Basic Warehouse,CSD > Document Library > OPERATIONS > 00_Basic Warehouse
22-Review IC Month End Processing Report Options,22-review ic month end processing report options,10-purchase planning,NONE,0.0,,,,
14-View RRAR Records using Demand Center,14-view rrar records using demand center,10-purchase planning,NONE,0.0,,,,
17-Accept Replenishments,17-accept replenishments,10-purchase planning,FUZZY,0.875,06_Accept Replenishments,CO1_SE_SOP_PUR_RARR_OPM_06_Accept Replenishments_BW_KC.udc,02_Replinishment Action Report Tasks,CSD > Document Library > PURCHASING > 02_Replinishment Action Report Tasks
15-IC Trial Balance of Stock Inventory Report,15-ic trial balance of stock inventory report,05-inventory control,NONE,0.0,,,,
26-Create work order manually,26-create work order manually,05-inventory control,NONE,0.0,,,,
19-Change prices and costs on group of products,19-change prices and costs on group of products,05-inventory control,NONE,0.0,,,,
08-Short-Receive PO,08-short-receive po,11-warehouse planning,NONE,0.0,,,,
10-Print PO,10-print po,10-purchase planning,NONE,0.0,,,,
03-Create inventory item in single WH,03-create inventory item in single wh,05-inventory control,NONE,0.0,,,,
"01-Ship Sales Order, Include Addons","01-ship sales order, include addons",11-warehouse planning,FUZZY,0.971,"01_Ship Sales Order, Include Addons","CO1_SE_Sales Order_OPM_01_Ship Sales Order, Include Addons_KC (3).udc",02_Shipping Sales Orders,CSD > Document Library > OPERATIONS > 02_Warehouse > 02_Shipping Sales Orders
17_Enter Trade Invoice - Partial Receipt (Short Pay),co1_se_sop_p2p_op17_enter trade invoice - partial receipt_bw_kc,02_basic ap process,EXACT_FILENAME,1.0,17_Enter Trade Invoice - Partial Receipt (Short Pay),CO1_SE_SOP_P2P_OP17_Enter Trade Invoice - Partial Receipt_BW_KC (1).udc,02_Basic AP Process,CSD > Document Library > FINANCIAL > Accounts Payable > 02_Basic AP Process
13_Add Freight to Rental,13_add freight to rental,02_rental process,EXACT_FILENAME,1.0,13_Add Freight to Rental,13_Add Freight to Rental (1).udc,02_Rental Process,CSD > Document Library > PALCO POWER SYSTEMS > ISM > 02_Rental Process
09_Order Inquiry Using a Serial Number,09_order inquiry using a serial number,start up,EXACT_FILENAME,1.0,09_Order Inquiry Using a Serial Number,09_Order Inquiry Using a Serial Number (1).udc,START UP,CSD > Document Library > PALCO POWER SYSTEMS > START UP
02_Enter a Credit Memo,co1_se_q2c_op2_enter a credit memo_kc,02_quote to cash,EXACT_FILENAME,1.0,02_Enter a Credit Memo,CO1_SE_Q2C_OP2_Enter a Credit Memo_KC.udc,02_Quote to Cash,CSD > Document Library > FINANCIAL > Accounts Receivable > 02_Quote to Cash
01_Order Inquiry,01_order inquiry,start up,EXACT_FILENAME,1.0,01_Order Inquiry,01_Order Inquiry (1).udc,START UP,CSD > Document Library > PALCO POWER SYSTEMS > START UP
03_Incident to SRO,03_incident to sro,01_service order process,EXACT_FILENAME,1.0,03_Incident to SRO,03_Incident to SRO (1).udc,01_Service Order Process,CSD > Document Library > PALCO POWER SYSTEMS > ISM > 01_Service Order Process
27-Print work orders,27-print work orders,05-inventory control,NONE,0.0,,,,
04_Enter a Counter Sales Order and Record Tender Payments,04_enter a counter sales order and record tender payments,01_order entry,EXACT_FILENAME,1.0,04_Enter a Counter Sales Order and Record Tender Payments,04_Enter a Counter Sales Order and Record Tender Payments (2).udc,01_Order Entry,CSD > Document Library > SALES > 01_Order Entry
04_Change Operations,04_change operations,03_warranty process,EXACT_NAME,1.0,04_Change Operations,CO3_PPS_CC04_Change Operations_KC_TS.udc,03_Warranty Process,CSD > Document Library > PALCO POWER SYSTEMS > ISM > 03_Warranty Process
03.5_Perform Lookups in a PO,co1_se_sop_pur_ent_opm_03_perform lookups in a po_bw_kc,01_purchase order entry to print,EXACT_FILENAME,1.0,03.5_Perform Lookups in a PO,CO1_SE_SOP_PUR_ENT_OPM_03_Perform Lookups in a PO_BW_KC.udc,01_Purchase Order Entry to Print,CSD > Document Library > PURCHASING > 01_Purchase Order Entry to Print
04_Finish the Purchase Order,co1_se_sop_pur_ent_opm_04_finish the purchase order_bw_kc,01_purchase order entry to print,EXACT_FILENAME,1.0,04_Finish the Purchase Order,CO1_SE_SOP_PUR_ENT_OPM_04_Finish the Purchase Order_BW_KC.udc,01_Purchase Order Entry to Print,CSD > Document Library > PURCHASING > 01_Purchase Order Entry to Print
03_Purchase Order Apply Add Ons and Discounts,co1_se_sop_pur_ent_opm_03_purchase order apply add ons and discounts_bw_kc,01_purchase order entry to print,EXACT_FILENAME,1.0,03_Purchase Order Apply Add Ons and Discounts,CO1_SE_SOP_PUR_ENT_OPM_03_Purchase Order Apply Add Ons and Discounts_BW_KC.udc,01_Purchase Order Entry to Print,CSD > Document Library > PURCHASING > 01_Purchase Order Entry to Print
04.5_Create Warehouse Transfer,co1_se_sop_pur_ent_opm_04_create warehouse transfer_bw_kc,01_purchase order entry to print,EXACT_FILENAME,1.0,04.5_Create Warehouse Transfer,CO1_SE_SOP_PUR_ENT_OPM_04_Create Warehouse Transfer_BW_KC.udc,01_Purchase Order Entry to Print,CSD > Document Library > PURCHASING > 01_Purchase Order Entry to Print
03-Add Items to PO and Finish It,03-add items to po and finish it,10-purchase planning,FUZZY,0.938,02_Add Items to PO and Finish It,02_Add Items to PO and Finish It (1).udc,01_Purchase Order Entry to Print,CSD > Document Library > PURCHASING > 01_Purchase Order Entry to Print
02-Create PO,02-create po,10-purchase planning,NONE,0.0,,,,
01_Purchase Order Submit PO to Vendor,co1_se_sop_pur_prirec_opm_01_purchase order submit po to vendor_bw_kc,04_po print to receipt,EXACT_FILENAME,1.0,01_Purchase Order Submit PO to Vendor,CO1_SE_SOP_PUR_PRIREC_OPM_01_Purchase Order Submit PO to Vendor_BW_KC.udc,04_PO Print to Receipt,CSD > Document Library > PURCHASING > 04_PO Print to Receipt
sales order example,sales order example,sales,EXACT_FILENAME,1.0,sales order example,sales order example.udc,SALES,CSD > Document Library > SALES
11-Receive Corrections,11-receive corrections,11-warehouse planning,NONE,0.0,,,,
23-Review Exception Processing Center Screen,23-review exception processing center screen,10-purchase planning,FUZZY,0.932,06_Review Exception Processing Center Screen,CO1_SE_OP_PUR_LINE_DEM_06_Review Exception Processing Center Screen_BW_KC.udc,06_Demand Tasks (DEM),CSD > Document Library > PURCHASING > 06_Demand Tasks (DEM)
09-Add Product to PO at Receiving,09-add product to po at receiving,11-warehouse planning,NONE,0.0,,,,
11-Manually Apply Hold and Approve Held PO,11-manually apply hold and approve held po,10-purchase planning,FUZZY,0.874,05_Manually Apply Hold and Approve Held Order,05_Manually Apply Hold and Approve Held Order.udc,02_Order Modification,CSD > Document Library > PALCO POWER SYSTEMS > SALES > 02_Order Modification
04-Ship Warehouse Transfer,04-ship warehouse transfer,11-warehouse planning,NONE,0.0,,,,
12-Cancel PO,12-cancel po,10-purchase planning,NONE,0.0,,,,
20-Generate IC Admin Review Cycle Adjustment Report,20-generate ic admin review cycle adjustment report,10-purchase planning,FUZZY,0.961,03_Generate IC Admin Review Cycle Adjustment Report,CO1_SE_SOP_PUR_LINE_DEM_03_Generate IC Admin Review Cycle Adjustment Report_BW_KC (1).udc,06_Demand Tasks (DEM),CSD > Document Library > PURCHASING > 06_Demand Tasks (DEM)
"19-Merge POs, Print POs, Generate Exception Report","19-merge pos, print pos, generate exception report",10-purchase planning,FUZZY,0.889,11_Merge POs_Print POs_Genrerate Exception Report,CO1_SOP_PUR_RARR_OPM_11_Merge POs_Print POs_Genrerate Exception Report_BW_KC.udc,02_Replinishment Action Report Tasks,CSD > Document Library > PURCHASING > 02_Replinishment Action Report Tasks
10-Receive Serialized Product,10-receive serialized product,11-warehouse planning,NONE,0.0,,,,
07-Change PO,07-change po,10-purchase planning,NONE,0.0,,,,
07-Receive PO,07-receive po,11-warehouse planning,NONE,0.0,,,,
21-Generate IC Admin Inventory Classification and Rank Report,21-generate ic admin inventory classification and rank report,10-purchase planning,FUZZY,0.951,04_Generate IC Admin Inventory Classification and Rank Report,CO1_SE_SOP_PUR_LINE_DEM_04_Generate IC Admin Inventory Classification and Rank Report_BW_KC.udc,06_Demand Tasks (DEM),CSD > Document Library > PURCHASING > 06_Demand Tasks (DEM)
03-Unship an Order,03-unship an order,11-warehouse planning,FUZZY,0.889,07_Unship an Order,02_Unship an Order.udc,02_Shipping Sales Orders,CSD > Document Library > OPERATIONS > 02_Warehouse > 02_Shipping Sales Orders
16-Review Line Item Details,16-review line item details,10-purchase planning,FUZZY,0.889,04_Review Line Item Details,CO1_SE_SOP_PUR_RARR+OPM_04_Review Line Item Details_BW_KC (2).udc,02_Replinishment Action Report Tasks,CSD > Document Library > PURCHASING > 02_Replinishment Action Report Tasks
05-Create Warehouse Transfer,05-create warehouse transfer,10-purchase planning,FUZZY,0.931,04.5_Create Warehouse Transfer,CO1_SE_SOP_PUR_ENT_OPM_04_Create Warehouse Transfer_BW_KC.udc,01_Purchase Order Entry to Print,CSD > Document Library > PURCHASING > 01_Purchase Order Entry to Print
Scott Electric Navigation,scott electric navigation,sample content,NONE,0.0,,,,
New Customer Registration,new customer registration,sample content,NONE,0.0,,,,
05-Assign Serial Numbers to Transfer During Shipping,05-assign serial numbers to transfer during shipping,11-warehouse planning,NONE,0.0,,,,
Quiz Level 2 | Warehouse Planning,quiz level 2 warehouse,operations,EXACT_FILENAME,1.0,Quiz Level 2 | Warehouse Planning,Quiz Level 2 Warehouse.ulc,OPERATIONS,CSD > Document Library > OPERATIONS
04_Review Line Item Details,co1_se_sop_pur_rarr+opm_04_review line item details_bw_kc,02_replinishment action report tasks,EXACT_FILENAME,1.0,04_Review Line Item Details,CO1_SE_SOP_PUR_RARR+OPM_04_Review Line Item Details_BW_KC (2).udc,02_Replinishment Action Report Tasks,CSD > Document Library > PURCHASING > 02_Replinishment Action Report Tasks
13_Add Items Using Easy Line Entry,co1_se_sop_pur_ent_opm_13_add items using easy line entry_bw_kc,01_purchase order entry to print,EXACT_FILENAME,1.0,13_Add Items Using Easy Line Entry,CO1_SE_SOP_PUR_ENT_OPM_13_Add Items Using Easy Line Entry_BW_KC.udc,01_Purchase Order Entry to Print,CSD > Document Library > PURCHASING > 01_Purchase Order Entry to Print
08_Correcting an Over Under Receipt,co1_se_pur_misc_opm_08_correcting an over under receipt_kc,08_miscellaneous,EXACT_FILENAME,1.0,08_Correcting an Over Under Receipt,CO1_SE_PUR_MISC_OPM_08_Correcting an Over Under Receipt_KC.udc,08_Miscellaneous,CSD > Document Library > PURCHASING > 08_Miscellaneous
15_Add Nonstock Items to a Purchase Order Using Advanced Line Entry,15_add nonstock items to a purchase order using advanced line entry,01_purchase order entry to print,EXACT_FILENAME,1.0,15_Add Nonstock Items to a Purchase Order Using Advanced Line Entry,15_Add Nonstock Items to a Purchase Order Using Advanced Line Entry.udc,01_Purchase Order Entry to Print,CSD > Document Library > PURCHASING > 01_Purchase Order Entry to Print
11_Cancel PO,co1_se_sop_pur_ent_opm_11_cancel po_bw_kc,01_purchase order entry to print,EXACT_FILENAME,1.0,11_Cancel PO,CO1_SE_SOP_PUR_ENT_OPM_11_Cancel PO_BW_KC.udc,01_Purchase Order Entry to Print,CSD > Document Library > PURCHASING > 01_Purchase Order Entry to Print
07_Tying a PO RM to a Sales Order Line,co1_se_pur_misc_opm_07_tying a po rm to a sales order line_kc,08_miscellaneous,EXACT_FILENAME,1.0,07_Tying a PO RM to a Sales Order Line,CO1_SE_PUR_MISC_OPM_07_Tying a PO RM to a Sales Order Line_KC.udc,08_Miscellaneous,CSD > Document Library > PURCHASING > 08_Miscellaneous
01_Manual Entry of a Warehouse Transfer,co1_se_sop_pur_wht_opm_01_manual entry of a warehouse transfer_bw_kc,07_warehouse transfers,EXACT_FILENAME,1.0,01_Manual Entry of a Warehouse Transfer,CO1_SE_SOP_PUR_WHT_OPM_01_Manual Entry of a Warehouse Transfer_BW_KC.udc,07_Warehouse Transfers,CSD > Document Library > PURCHASING > 07_Warehouse Transfers
03_Run the Aging Report,co1_se_ssop2-op3_run the aging report_kc,credit,EXACT_FILENAME,1.0,03_Run the Aging Report,CO1_SE_SSOP2-OP3_Run the Aging Report_KC.udc,Credit,CSD > Document Library > FINANCIAL > Credit
02_View RRAR Records,co1_se_sop_pur_rarr_opm_02_view rrar records_bw_kc,02_replinishment action report tasks,EXACT_FILENAME,1.0,02_View RRAR Records,CO1_SE_SOP_PUR_RARR_OPM_02_View RRAR Records_BW_KC.udc,02_Replinishment Action Report Tasks,CSD > Document Library > PURCHASING > 02_Replinishment Action Report Tasks
01_Release Credit Hold,co1_se_q2c - ssop2 - op1_release credit hold_kc,credit,EXACT_FILENAME,1.0,01_Release Credit Hold,CO1_SE_Q2C - SSOP2 - OP1_Release Credit Hold_KC.udc,Credit,CSD > Document Library > FINANCIAL > Credit
01_How to Use the Quote Modification,co1_se_sop_pur_misc_opm_01_how to use the quote modification_kc,08_miscellaneous,EXACT_FILENAME,1.0,01_How to Use the Quote Modification,CO1_SE_SOP_PUR_MISC_OPM_01_How to Use the Quote Modification_KC.udc,08_Miscellaneous,CSD > Document Library > PURCHASING > 08_Miscellaneous
02_Merge POs_Print POs_Generate Exception Report,co1_se_sop_pur_line_dem_02_merge pos_print pos_generate exception report_bw_kc,06_demand tasks (dem),EXACT_FILENAME,1.0,02_Merge POs_Print POs_Generate Exception Report,CO1_SE_SOP_PUR_LINE_DEM_02_Merge POs_Print POs_Generate Exception Report_BW_KC.udc,06_Demand Tasks (DEM),CSD > Document Library > PURCHASING > 06_Demand Tasks (DEM)
06_Review Exception Processing Center Screen,co1_se_op_pur_line_dem_06_review exception processing center screen_bw_kc,06_demand tasks (dem),EXACT_FILENAME,1.0,06_Review Exception Processing Center Screen,CO1_SE_OP_PUR_LINE_DEM_06_Review Exception Processing Center Screen_BW_KC.udc,06_Demand Tasks (DEM),CSD > Document Library > PURCHASING > 06_Demand Tasks (DEM)
03_Blanket POs,co1_se_pur_misc_opm_03_blanket pos_kc,08_miscellaneous,EXACT_FILENAME,1.0,03_Blanket POs,CO1_SE_PUR_MISC_OPM_03_Blanket POs_KC.udc,08_Miscellaneous,CSD > Document Library > PURCHASING > 08_Miscellaneous
14_Add Items to Purchase Order Using Advanced Line Entry,co1_se_sop_pur_ent_opm_14_add items to purchase order using advanced line entry_bw_kc,01_purchase order entry to print,EXACT_FILENAME,1.0,14_Add Items to Purchase Order Using Advanced Line Entry,CO1_SE_SOP_PUR_ENT_OPM_14_Add Items to Purchase Order Using Advanced Line Entry_BW_KC (1).udc,01_Purchase Order Entry to Print,CSD > Document Library > PURCHASING > 01_Purchase Order Entry to Print
10_Correcting a Wrong Cost Receipt,co1_se_pur_misc_opm_10_correcting a wrong cost receipt_kc,08_miscellaneous,EXACT_FILENAME,1.0,10_Correcting a Wrong Cost Receipt,CO1_SE_PUR_MISC_OPM_10_Correcting a Wrong Cost Receipt_KC.udc,08_Miscellaneous,CSD > Document Library > PURCHASING > 08_Miscellaneous
09_Consolidate Multiple RRARS for Different Vendor Product Lines or Warehouses,co1_se_sop_pur_rarr_opm_09_consolidate multiple rrars for different vendor product lines or warehouses_bw_kc,02_replinishment action report tasks,EXACT_FILENAME,1.0,09_Consolidate Multiple RRARS for Different Vendor Product Lines or Warehouses,CO1_SE_SOP_PUR_RARR_OPM_09_Consolidate Multiple RRARS for Different Vendor Product Lines or Warehouses_BW_KC.udc,02_Replinishment Action Report Tasks,CSD > Document Library > PURCHASING > 02_Replinishment Action Report Tasks
03_Print Fill Report by Class Report,co1_se_sop_pur_rep_opm_print fill report by class report_bw_kc,06.5_run reports,EXACT_FILENAME,1.0,03_Print Fill Report by Class Report,CO1_SE_SOP_PUR_REP_OPM_Print Fill Report by Class Report_BW_KC.udc,06.5_Run Reports,CSD > Document Library > PURCHASING > 06.5_Run Reports
06_Returning an Acknowledged PO to the Printed Stage,co1_se_pur_misc_opm_06_returning an acknowledged po to the printed stage_kc,08_miscellaneous,EXACT_FILENAME,1.0,06_Returning an Acknowledged PO to the Printed Stage,CO1_SE_PUR_MISC_OPM_06_Returning an Acknowledged PO to the Printed Stage_KC (2).udc,08_Miscellaneous,CSD > Document Library > PURCHASING > 08_Miscellaneous
08_Create Quote PO with Notes and Comments,co1_se_sop_pur_ent_opm_08_create quote po with notes and comments_bw_kc,01_purchase order entry to print,EXACT_FILENAME,1.0,08_Create Quote PO with Notes and Comments,CO1_SE_SOP_PUR_ENT_OPM_08_Create Quote PO with Notes and Comments_BW_KC.udc,01_Purchase Order Entry to Print,CSD > Document Library > PURCHASING > 01_Purchase Order Entry to Print
04_Maintaining a Warehouse Tranfer,co1_se_sop_pur_wht_opm_04_maintaining a warehouse tranfer_bw_kc,07_warehouse transfers,EXACT_FILENAME,1.0,04_Maintaining a Warehouse Tranfer,CO1_SE_SOP_PUR_WHT_OPM_04_Maintaining a Warehouse Tranfer_BW_KC.udc,07_Warehouse Transfers,CSD > Document Library > PURCHASING > 07_Warehouse Transfers
06_Canceling a Warehouse Transfer,co1_se_sop_pur_wht_opm_06_canceling a warehouse transfer_bw_kc,07_warehouse transfers,EXACT_FILENAME,1.0,06_Canceling a Warehouse Transfer,CO1_SE_SOP_PUR_WHT_OPM_06_Canceling a Warehouse Transfer_BW_KC.udc,07_Warehouse Transfers,CSD > Document Library > PURCHASING > 07_Warehouse Transfers
07_Tying a Warehouse Transfer to a Customer Order,co1_se_sop_pur_wht_opm_07_tying a warehouse transfer to a customer order_bw_kc,07_warehouse transfers,EXACT_FILENAME,1.0,07_Tying a Warehouse Transfer to a Customer Order,CO1_SE_SOP_PUR_WHT_OPM_07_Tying a Warehouse Transfer to a Customer Order_BW_KC.udc,07_Warehouse Transfers,CSD > Document Library > PURCHASING > 07_Warehouse Transfers
05_Notes on a Warehouse Transfer,co1_se_sop_pur_wht_opm_05_notes on a warehouse transfer_bw_kc,07_warehouse transfers,EXACT_FILENAME,1.0,05_Notes on a Warehouse Transfer,CO1_SE_SOP_PUR_WHT_OPM_05_Notes on a Warehouse Transfer_BW_KC.udc,07_Warehouse Transfers,CSD > Document Library > PURCHASING > 07_Warehouse Transfers
07_Adjust RARR Quantities Using Increase-Decrease Function in PO Demand Center,co1_sop_pur_rarr_opm_07_adjust rarr quantities using increase-decrease function in po demand center,02_replinishment action report tasks,EXACT_FILENAME,1.0,07_Adjust RARR Quantities Using Increase-Decrease Function in PO Demand Center,CO1_SOP_PUR_RARR_OPM_07_Adjust RARR Quantities Using Increase-Decrease Function in PO Demand Center.udc,02_Replinishment Action Report Tasks,CSD > Document Library > PURCHASING > 02_Replinishment Action Report Tasks
05_Returning a Core Product,co1_se_pur_misc_opm_05_returning a core product_kc,08_miscellaneous,EXACT_FILENAME,1.0,05_Returning a Core Product,CO1_SE_PUR_MISC_OPM_05_Returning a Core Product_KC.udc,08_Miscellaneous,CSD > Document Library > PURCHASING > 08_Miscellaneous
10_Apply Hold and Approve Held PO,co1_se_sop_pur_ent_opm_10_apply hold and approve held po_bw_kc,01_purchase order entry to print,EXACT_FILENAME,1.0,10_Apply Hold and Approve Held PO,CO1_SE_SOP_PUR_ENT_OPM_10_Apply Hold and Approve Held PO_BW_KC.udc,01_Purchase Order Entry to Print,CSD > Document Library > PURCHASING > 01_Purchase Order Entry to Print
04_Generate IC Admin Inventory Classification and Rank Report,co1_se_sop_pur_line_dem_04_generate ic admin inventory classification and rank report_bw_kc,06_demand tasks (dem),EXACT_FILENAME,1.0,04_Generate IC Admin Inventory Classification and Rank Report,CO1_SE_SOP_PUR_LINE_DEM_04_Generate IC Admin Inventory Classification and Rank Report_BW_KC.udc,06_Demand Tasks (DEM),CSD > Document Library > PURCHASING > 06_Demand Tasks (DEM)
06_Accept Replenishments,co1_se_sop_pur_rarr_opm_06_accept replenishments_bw_kc,02_replinishment action report tasks,EXACT_FILENAME,1.0,06_Accept Replenishments,CO1_SE_SOP_PUR_RARR_OPM_06_Accept Replenishments_BW_KC.udc,02_Replinishment Action Report Tasks,CSD > Document Library > PURCHASING > 02_Replinishment Action Report Tasks
02_Print Inventory Turnover Report,co1_se_sop_pur_rep_opm_02_print inventory turnover report_bw_kc,06.5_run reports,EXACT_FILENAME,1.0,02_Print Inventory Turnover Report,CO1_SE_SOP_PUR_REP_OPM_02_Print Inventory Turnover Report_BW_KC.udc,06.5_Run Reports,CSD > Document Library > PURCHASING > 06.5_Run Reports
03_Generate IC Admin Review Cycle Adjustment Report,co1_se_sop_pur_line_dem_03_generate ic admin review cycle adjustment report_bw_kc,06_demand tasks (dem),EXACT_FILENAME,1.0,03_Generate IC Admin Review Cycle Adjustment Report,CO1_SE_SOP_PUR_LINE_DEM_03_Generate IC Admin Review Cycle Adjustment Report_BW_KC (1).udc,06_Demand Tasks (DEM),CSD > Document Library > PURCHASING > 06_Demand Tasks (DEM)
02_Approving a Warehouse Transfer That is on Hold,co1_se_sop_pur_wht_opm_02_approving a warehouse transfer that is on hold_bw_kc,07_warehouse transfers,EXACT_FILENAME,1.0,02_Approving a Warehouse Transfer That is on Hold,CO1_SE_SOP_PUR_WHT_OPM_02_Approving a Warehouse Transfer that is on Hold_BW_KC.udc,07_Warehouse Transfers,CSD > Document Library > PURCHASING > 07_Warehouse Transfers
05_Print Surplus Stock Report,co1_se_sop_pur_rep_opm_05_print surplus stock report_bw_kc,06.5_run reports,EXACT_FILENAME,1.0,05_Print Surplus Stock Report,CO1_SE_SOP_PUR_REP_OPM_05_Print Surplus Stock Report_BW_KC.udc,06.5_Run Reports,CSD > Document Library > PURCHASING > 06.5_Run Reports
05_Locate PO Using PO Inquiry,co1_sop_pur_ent_opm_05_locate po using po inquiry_bw_kc,01_purchase order entry to print,EXACT_FILENAME,1.0,05_Locate PO Using PO Inquiry,CO1_SOP_PUR_ENT_OPM_05_Locate PO Using PO Inquiry_BW_KC.udc,01_Purchase Order Entry to Print,CSD > Document Library > PURCHASING > 01_Purchase Order Entry to Print
02_Determining Extra Stock to Order,co1_se_sop_pur_misc_opm_02_determining extra stock to order_kc,08_miscellaneous,EXACT_FILENAME,1.0,02_Determining Extra Stock to Order,CO1_SE_SOP_PUR_MISC_OPM_02_Determining Extra Stock to Order_KC.udc,08_Miscellaneous,CSD > Document Library > PURCHASING > 08_Miscellaneous
06_Change PO,co1_se_sop_pur_ent_opm_06_change po_bw_kc,01_purchase order entry to print,EXACT_FILENAME,1.0,06_Change PO,CO1_SE_SOP_PUR_ENT_OPM_06_Change PO_BW_KC.udc,01_Purchase Order Entry to Print,CSD > Document Library > PURCHASING > 01_Purchase Order Entry to Print
02_Purchase Order Maintain PO,co1_se_sop_pur_prirec_opm_2_purchase order maintain po_bw_kc,04_po print to receipt,EXACT_FILENAME,1.0,02_Purchase Order Maintain PO,CO1_SE_SOP_PUR_PRIREC_OPM_2_Purchase Order Maintain PO_BW_KC (1).udc,04_PO Print to Receipt,CSD > Document Library > PURCHASING > 04_PO Print to Receipt
01_View Consolidation Info in Demand Center,co1_se_sop_pur_line_dem_01_view consolidation info in demand center_bw_kc,06_demand tasks (dem),EXACT_FILENAME,1.0,01_View Consolidation Info in Demand Center,CO1_SE_SOP_PUR_LINE_DEM_01_View Consolidation Info in Demand Center_BW_KC.udc,06_Demand Tasks (DEM),CSD > Document Library > PURCHASING > 06_Demand Tasks (DEM)
09_Print PO,co1_se_sop_pur_ent_opm_09_print po_bw_kc,01_purchase order entry to print,EXACT_FILENAME,1.0,09_Print PO,CO1_SE_SOP_PUR_ENT_OPM_09_Print PO_BW_KC.udc,01_Purchase Order Entry to Print,CSD > Document Library > PURCHASING > 01_Purchase Order Entry to Print
04_Perform a Credit Review on a Customer Account,co1_se_ssop2-op4_perform a credit review on a customer account_kc,credit,EXACT_FILENAME,1.0,04_Perform a Credit Review on a Customer Account,CO1_SE_SSOP2-OP4_Perform a Credit Review on a Customer Account_KC.udc,Credit,CSD > Document Library > FINANCIAL > Credit
07_Copy PO,co1_se_sop_pur_ent_opm_07_copy po_bw_kc,01_purchase order entry to print,EXACT_FILENAME,1.0,07_Copy PO,CO1_SE_SOP_PUR_ENT_OPM_07_Copy PO_BW_KC.udc,01_Purchase Order Entry to Print,CSD > Document Library > PURCHASING > 01_Purchase Order Entry to Print
11_Merge POs_Print POs_Genrerate Exception Report,co1_sop_pur_rarr_opm_11_merge pos_print pos_genrerate exception report_bw_kc,02_replinishment action report tasks,EXACT_FILENAME,1.0,11_Merge POs_Print POs_Genrerate Exception Report,CO1_SOP_PUR_RARR_OPM_11_Merge POs_Print POs_Genrerate Exception Report_BW_KC.udc,02_Replinishment Action Report Tasks,CSD > Document Library > PURCHASING > 02_Replinishment Action Report Tasks
24-Review setup of pre-built kit item,24-review setup of pre-built kit item,05-inventory control,NONE,0.0,,,,
03_Change Working Status,03_change working status,03_warranty process,EXACT_FILENAME,1.0,03_Change Working Status,03_Change Working Status (1).udc,03_Warranty Process,CSD > Document Library > PALCO POWER SYSTEMS > ISM > 03_Warranty Process
01_Partner Set Up,01_partner set up,04_ism set up,EXACT_FILENAME,1.0,01_Partner Set Up,01_Partner Set Up.udc,04_ISM Set Up,CSD > Document Library > PALCO POWER SYSTEMS > ISM > 04_ISM Set Up
04_Change Operations,co3_pps_cc04_change operations_kc_ts,03_warranty process,EXACT_FILENAME,1.0,04_Change Operations,CO3_PPS_CC04_Change Operations_KC_TS.udc,03_Warranty Process,CSD > Document Library > PALCO POWER SYSTEMS > ISM > 03_Warranty Process
01_Create PMA Contract,co3_pps_kk01_create pma contract_bw_kc_ts_3_1_25,08_pma service orders,EXACT_FILENAME,1.0,01_Create PMA Contract,CO3_PPS_KK01_Create PMA Contract_BW_KC_TS_3_1_25.udc,08_PMA Service Orders,CSD > Document Library > PALCO POWER SYSTEMS > ISM > 08_PMA Service Orders
22-Track serial products,22-track serial products,05-inventory control,NONE,0.0,,,,
Quiz Level 2 | Pricing,quiz level 2 pricing,pricing,EXACT_FILENAME,1.0,Quiz Level 2 | Pricing,Quiz Level 2 Pricing.ulc,PRICING,CSD > Document Library > PRICING
07_Receive Re Rent PO,07_receive re rent po,02_rental process,EXACT_FILENAME,1.0,07_Receive Re Rent PO,07_Receive Re Rent PO (1).udc,02_Rental Process,CSD > Document Library > PALCO POWER SYSTEMS > ISM > 02_Rental Process
10_Close Rental,10_close rental,02_rental process,EXACT_FILENAME,1.0,10_Close Rental,10_Close Rental (1).udc,02_Rental Process,CSD > Document Library > PALCO POWER SYSTEMS > ISM > 02_Rental Process
05_Add SRO Lines,05_add sro lines,01_service order process,EXACT_FILENAME,1.0,05_Add SRO Lines,05_Add SRO Lines (1).udc,01_Service Order Process,CSD > Document Library > PALCO POWER SYSTEMS > ISM > 01_Service Order Process
07_Mark Accepted,07_mark accepted,03_warranty process,EXACT_FILENAME,1.0,07_Mark Accepted,07_Mark Accepted (1).udc,03_Warranty Process,CSD > Document Library > PALCO POWER SYSTEMS > ISM > 03_Warranty Process
06_Add Line,06_add line,start up,EXACT_FILENAME,1.0,06_Add Line,06_Add Line (1).udc,START UP,CSD > Document Library > PALCO POWER SYSTEMS > START UP
03_Print Rental Agreement,03_print rental agreement,02_rental process,EXACT_FILENAME,1.0,03_Print Rental Agreement,03_Print Rental Agreement.udc,02_Rental Process,CSD > Document Library > PALCO POWER SYSTEMS > ISM > 02_Rental Process
08_Mark Reconciled,08_mark reconciled,03_warranty process,EXACT_FILENAME,1.0,08_Mark Reconciled,08_Mark Reconciled (1).udc,03_Warranty Process,CSD > Document Library > PALCO POWER SYSTEMS > ISM > 03_Warranty Process
02_Print Pick Ticket,02_print pick ticket,start up,EXACT_FILENAME,1.0,02_Print Pick Ticket,02_Print Pick Ticket (1).udc,START UP,CSD > Document Library > PALCO POWER SYSTEMS > START UP
04_Create a Start Up Incident,04_create a start up incident,start up,EXACT_FILENAME,1.0,04_Create a Start Up Incident,04_Create a Start Up Incident (1).udc,START UP,CSD > Document Library > PALCO POWER SYSTEMS > START UP
06_Print Re Rent PO,06_print re rent po (1),02_rental process,EXACT_FILENAME,1.0,06_Print Re Rent PO,06_Print Re Rent PO (1) (1).udc,02_Rental Process,CSD > Document Library > PALCO POWER SYSTEMS > ISM > 02_Rental Process
05_Run OEEPC,05_run oeepc,palco specific sales,EXACT_FILENAME,1.0,05_Run OEEPC,05_Run OEEPC (1).udc,Palco Specific Sales,CSD > Document Library > PALCO POWER SYSTEMS > SALES > Palco Specific Sales
06_Add Operations,06_add operations,01_service order process,EXACT_FILENAME,1.0,06_Add Operations,06_Add Operations.udc,01_Service Order Process,CSD > Document Library > PALCO POWER SYSTEMS > ISM > 01_Service Order Process
06_ISM Invoice,06_ism invoice (1),03_warranty process,EXACT_FILENAME,1.0,06_ISM Invoice,06_ISM Invoice (1) (1).udc,03_Warranty Process,CSD > Document Library > PALCO POWER SYSTEMS > ISM > 03_Warranty Process
08_Register Unit,08_register unit,start up,EXACT_FILENAME,1.0,08_Register Unit,08_Register Unit (1).udc,START UP,CSD > Document Library > PALCO POWER SYSTEMS > START UP
09_Check In Rental,09_check in rental,02_rental process,EXACT_FILENAME,1.0,09_Check In Rental,09_Check In Rental (1).udc,02_Rental Process,CSD > Document Library > PALCO POWER SYSTEMS > ISM > 02_Rental Process
02_Partners Schedule Set Up,02_partners schedule set up,04_ism set up,EXACT_FILENAME,1.0,02_Partners Schedule Set Up,02_Partners Schedule Set Up (1).udc,04_ISM Set Up,CSD > Document Library > PALCO POWER SYSTEMS > ISM > 04_ISM Set Up
03_Shipping Feedback for Start Up,03_shipping feedback for start up,start up,EXACT_FILENAME,1.0,03_Shipping Feedback for Start Up,03_Shipping Feedback for Start Up (1).udc,START UP,CSD > Document Library > PALCO POWER SYSTEMS > START UP
08_Check Out Rental,08_check out rental,02_rental process,EXACT_FILENAME,1.0,08_Check Out Rental,08_Check Out Rental (1).udc,02_Rental Process,CSD > Document Library > PALCO POWER SYSTEMS > ISM > 02_Rental Process
12_Receive Vendor RM PO,12_receive vendor rm po,02_rental process,EXACT_FILENAME,1.0,12_Receive Vendor RM PO,12_Receive Vendor RM PO.udc,02_Rental Process,CSD > Document Library > PALCO POWER SYSTEMS > ISM > 02_Rental Process
05_Add Start Up Notes,05_add start up notes,start up,EXACT_FILENAME,1.0,05_Add Start Up Notes,05_Add Start Up Notes (1).udc,START UP,CSD > Document Library > PALCO POWER SYSTEMS > START UP
12_Posting Transactions,co3_pps_aa12_posting a transaction_kc_ts,01_service order process,EXACT_FILENAME,1.0,12_Posting Transactions,CO3_PPS_AA12_Posting a Transaction_KC_TS.udc,01_Service Order Process,CSD > Document Library > PALCO POWER SYSTEMS > ISM > 01_Service Order Process
10_Receive the Non-Stock,10_receive the non-stock,01_service order process,EXACT_FILENAME,1.0,10_Receive the Non-Stock,10_Receive the Non-Stock.udc,01_Service Order Process,CSD > Document Library > PALCO POWER SYSTEMS > ISM > 01_Service Order Process
11_Change Billing Details,11_change billing details,02_rental process,EXACT_FILENAME,1.0,11_Change Billing Details,11_Change Billing Details (1).udc,02_Rental Process,CSD > Document Library > PALCO POWER SYSTEMS > ISM > 02_Rental Process
09-Enter counts,09-enter counts,05-inventory control,NONE,0.0,,,,
03_Review and Modify RRAR Record,co1_se_sop_pur_rarr_opm_03_review and modify rrar record_bw_kc,02_replinishment action report tasks,EXACT_FILENAME,1.0,03_Review and Modify RRAR Record,CO1_SE_SOP_PUR_RARR_OPM_03_Review and Modify RRAR Record_BW_KC (1).udc,02_Replinishment Action Report Tasks,CSD > Document Library > PURCHASING > 02_Replinishment Action Report Tasks
14_Close SRO,close sro_bw_kc_ts,01_service order process,EXACT_FILENAME,1.0,14_Close SRO,Close SRO_BW_KC_TS.udc,01_Service Order Process,CSD > Document Library > PALCO POWER SYSTEMS > ISM > 01_Service Order Process
13_Invoicing in ISM,invoicing in ism_bw_kc_ts,01_service order process,EXACT_FILENAME,1.0,13_Invoicing in ISM,Invoicing in ISM_BW_KC_TS.udc,01_Service Order Process,CSD > Document Library > PALCO POWER SYSTEMS > ISM > 01_Service Order Process
02_Add Rental Items,02_add rental items,02_rental process,EXACT_FILENAME,1.0,02_Add Rental Items,02_Add Rental Items (1).udc,02_Rental Process,CSD > Document Library > PALCO POWER SYSTEMS > ISM > 02_Rental Process
04_Quick Create SRO,co3_pps_aa04_quick create sro_kc,01_service order process,EXACT_FILENAME,1.0,04_Quick Create SRO,CO3_PPS_AA04_Quick Create SRO_KC.udc,01_Service Order Process,CSD > Document Library > PALCO POWER SYSTEMS > ISM > 01_Service Order Process
08_Add a Non-Stock,08_add a non-stock,01_service order process,EXACT_FILENAME,1.0,08_Add a Non-Stock,08_Add a Non-Stock.udc,01_Service Order Process,CSD > Document Library > PALCO POWER SYSTEMS > ISM > 01_Service Order Process
02_Perform Site Work,co3_pps_ff02_perform site work_kc,07_tech mobile,EXACT_FILENAME,1.0,02_Perform Site Work,CO3_PPS_FF02_Perform Site Work_KC.udc,07_Tech Mobile,CSD > Document Library > PALCO POWER SYSTEMS > ISM > 07_Tech Mobile
08_Make a Product Serialized,08_make a product serialized,palco specific sales,EXACT_FILENAME,1.0,08_Make a Product Serialized,08_Make a Product Serialized.udc,Palco Specific Sales,CSD > Document Library > PALCO POWER SYSTEMS > SALES > Palco Specific Sales
04_Create a Release,04_create a release,palco specific sales,EXACT_FILENAME,1.0,04_Create a Release,04_Create a Release.udc,Palco Specific Sales,CSD > Document Library > PALCO POWER SYSTEMS > SALES > Palco Specific Sales
