SourceFile,Module,Entity,SOP,SubSOP,FinalContext,UAP_Module,Doc_Name,Doc_File_Name,Doc_Parent_Name
FindModuleContext_Worklist_Resp_20251104_2020.csv,01_Product Inquiry,SE,OPERATIONS,00_Basic Warehouse,CSD > Document Library > OPERATIONS > 00_Basic Warehouse,01_Product Inquiry,,,
FindModuleContext_Worklist_Resp_20251104_2020.csv,03_Order Inquiries,SE,OPERATIONS,00_Basic Warehouse,CSD > Document Library > OPERATIONS > 00_Basic Warehouse,03_Order Inquiries,,,
FindModuleContext_Worklist_Resp_20251104_2020.csv,07-Inquire on product availability,SE,OPERATIONS,00_Basic Warehouse,CSD > Document Library > OPERATIONS > 00_Basic Warehouse,07-Inquire on product availability,,,
FindModuleContext_Worklist_Resp_20251104_2020.csv,02_Verify Customer Eligibility,SE,PJM,01_Basic Bidding Process,CSD > Document Library > PJM > 01_Basic Bidding Process,02_Verify Customer Eligibility,,,
FindModuleContext_Worklist_Resp_20251104_2020.csv,03_Establish Job Entry,SE,PJM,01_Basic Bidding Process,CSD > Document Library > PJM > 01_Basic Bidding Process,03_Establish Job Entry,,,
FindModuleContext_Worklist_Resp_20251104_2020.csv,04_View Job in Bidding Calendar,SE,PJM,01_Basic Bidding Process,CSD > Document Library > PJM > 01_Basic Bidding Process,04_View Job in Bidding Calendar,,,
FindModuleContext_Worklist_Resp_20251104_2020.csv,05_Add Bidder Details to Project Entry,SE,PJM,01_Basic Bidding Process,CSD > Document Library > PJM > 01_Basic Bidding Process,05_Add Bidder Details to Project Entry,,,
FindModuleContext_Worklist_Resp_20251104_2020.csv,06_Add Vendor Details to Project Entry,SE,PJM,01_Basic Bidding Process,CSD > Document Library > PJM > 01_Basic Bidding Process,06_Add Vendor Details to Project Entry,,,
FindModuleContext_Worklist_Resp_20251104_2020.csv,01-Enter Stock Customer Sales Order,SE,SALES,01_Order Entry,CSD > Document Library > SALES > 01_Order Entry,01-Enter Stock Customer Sales Order,,,
FindModuleContext_Worklist_Resp_20251104_2020.csv,01_Enter Stock Customer Sales Order,SE,SALES,01_Order Entry,CSD > Document Library > SALES > 01_Order Entry,01_Enter Stock Customer Sales Order,,,
FindModuleContext_Worklist_Resp_20251104_2020.csv,02-Enter stock customer sales order,SE,SALES,01_Order Entry,CSD > Document Library > SALES > 01_Order Entry,02-Enter stock customer sales order,,,
FindModuleContext_Worklist_Resp_20251104_2020.csv,02_Enter a Quote Order,SE,SALES,01_Order Entry,CSD > Document Library > SALES > 01_Order Entry,02_Enter a Quote Order,,,
FindModuleContext_Worklist_Resp_20251104_2020.csv,03_Enter a Direct Order,SE,SALES,01_Order Entry,CSD > Document Library > SALES > 01_Order Entry,03_Enter a Direct Order,,,
FindModuleContext_Worklist_Resp_20251104_2020.csv,04_Enter a Counter Sales Order and Record Tender Payments,SE,SALES,01_Order Entry,CSD > Document Library > SALES > 01_Order Entry,04_Enter a Counter Sales Order and Record Tender Payments,,,
FindModuleContext_Worklist_Resp_20251104_2020.csv,06_Enter a Non-Stock Product on an Order,SE,SALES,01_Order Entry,CSD > Document Library > SALES > 01_Order Entry,06_Enter a Non-Stock Product on an Order,,,
FindModuleContext_Worklist_Resp_20251104_2020.csv,07-Enter Quote Order,SE,SALES,01_Order Entry,CSD > Document Library > SALES > 01_Order Entry,07-Enter Quote Order,,,
FindModuleContext_Worklist_Resp_20251104_2020.csv,07_Enter a Return Order,SE,SALES,01_Order Entry,CSD > Document Library > SALES > 01_Order Entry,07_Enter a Return Order,,,
FindModuleContext_Worklist_Resp_20251104_2020.csv,09-Enter a Direct Order,SE,SALES,01_Order Entry,CSD > Document Library > SALES > 01_Order Entry,09-Enter a Direct Order,,,
FindModuleContext_Worklist_Resp_20251104_2020.csv,10-Enter Counter Sales Order and Record Tender Payments,SE,SALES,01_Order Entry,CSD > Document Library > SALES > 01_Order Entry,10-Enter Counter Sales Order and Record Tender Payments,,,
FindModuleContext_Worklist_Resp_20251104_2020.csv,22-Enter Non Stock Product On an Order,SE,SALES,01_Order Entry,CSD > Document Library > SALES > 01_Order Entry,22-Enter Non Stock Product On an Order,,,
FindModuleContext_Worklist_Resp_20251104_2020.csv,25-Enter a Return Order,SE,SALES,01_Order Entry,CSD > Document Library > SALES > 01_Order Entry,25-Enter a Return Order,,,
FindModuleContext_Worklist_Resp_20251104_2020.csv,01_Create Purchase Order,PALCO,PURCHASING,01_Purchase Order Entry to Print,CSD > Document Library > PALCO POWER SYSTEMS > PURCHASING > 01_Purchase Order Entry to Print,01_Create Purchase Order,,,
FindModuleContext_Worklist_Resp_20251104_2020.csv,02_Add Items to PO and Finish It,SE,PURCHASING,01_Purchase Order Entry to Print,CSD > Document Library > PURCHASING > 01_Purchase Order Entry to Print,02_Add Items to PO and Finish It,,,
FindModuleContext_Worklist_Resp_20251104_2020.csv,03-Add Items to PO and Finish It,SE,PURCHASING,01_Purchase Order Entry to Print,CSD > Document Library > PURCHASING > 01_Purchase Order Entry to Print,03-Add Items to PO and Finish It,,,
FindModuleContext_Worklist_Resp_20251104_2020.csv,03.5_Perform Lookups in a PO,SE,PURCHASING,01_Purchase Order Entry to Print,CSD > Document Library > PURCHASING > 01_Purchase Order Entry to Print,03.5_Perform Lookups in a PO,,,
FindModuleContext_Worklist_Resp_20251104_2020.csv,03_Purchase Order Apply Add Ons and Discounts,SE,PURCHASING,01_Purchase Order Entry to Print,CSD > Document Library > PURCHASING > 01_Purchase Order Entry to Print,03_Purchase Order Apply Add Ons and Discounts,,,
FindModuleContext_Worklist_Resp_20251104_2020.csv,04-Perform Lookups in a PO,SE,PURCHASING,01_Purchase Order Entry to Print,CSD > Document Library > PURCHASING > 01_Purchase Order Entry to Print,04-Perform Lookups in a PO,,,
FindModuleContext_Worklist_Resp_20251104_2020.csv,04.5_Create Warehouse Transfer,SE,PURCHASING,01_Purchase Order Entry to Print,CSD > Document Library > PURCHASING > 01_Purchase Order Entry to Print,04.5_Create Warehouse Transfer,,,
FindModuleContext_Worklist_Resp_20251104_2020.csv,04_Finish the Purchase Order,SE,PURCHASING,01_Purchase Order Entry to Print,CSD > Document Library > PURCHASING > 01_Purchase Order Entry to Print,04_Finish the Purchase Order,,,
FindModuleContext_Worklist_Resp_20251104_2020.csv,05-Create Warehouse Transfer,SE,PURCHASING,01_Purchase Order Entry to Print,CSD > Document Library > PURCHASING > 01_Purchase Order Entry to Print,05-Create Warehouse Transfer,,,
FindModuleContext_Worklist_Resp_20251104_2020.csv,05_Locate PO Using PO Inquiry,SE,PURCHASING,01_Purchase Order Entry to Print,CSD > Document Library > PURCHASING > 01_Purchase Order Entry to Print,05_Locate PO Using PO Inquiry,,,
FindModuleContext_Worklist_Resp_20251104_2020.csv,06-Locate PO using PO Inquiry,SE,PURCHASING,01_Purchase Order Entry to Print,CSD > Document Library > PURCHASING > 01_Purchase Order Entry to Print,06-Locate PO using PO Inquiry,,,
FindModuleContext_Worklist_Resp_20251104_2020.csv,06_Change PO,SE,PURCHASING,01_Purchase Order Entry to Print,CSD > Document Library > PURCHASING > 01_Purchase Order Entry to Print,06_Change PO,,,
FindModuleContext_Worklist_Resp_20251104_2020.csv,07_Copy PO,SE,PURCHASING,01_Purchase Order Entry to Print,CSD > Document Library > PURCHASING > 01_Purchase Order Entry to Print,07_Copy PO,,,
FindModuleContext_Worklist_Resp_20251104_2020.csv,08_Create Quote PO with Notes and Comments,SE,PURCHASING,01_Purchase Order Entry to Print,CSD > Document Library > PURCHASING > 01_Purchase Order Entry to Print,08_Create Quote PO with Notes and Comments,,,
FindModuleContext_Worklist_Resp_20251104_2020.csv,09_Print PO,SE,PURCHASING,01_Purchase Order Entry to Print,CSD > Document Library > PURCHASING > 01_Purchase Order Entry to Print,09_Print PO,,,
FindModuleContext_Worklist_Resp_20251104_2020.csv,10_Apply Hold and Approve Held PO,SE,PURCHASING,01_Purchase Order Entry to Print,CSD > Document Library > PURCHASING > 01_Purchase Order Entry to Print,10_Apply Hold and Approve Held PO,,,
FindModuleContext_Worklist_Resp_20251104_2020.csv,11_Cancel PO,SE,PURCHASING,01_Purchase Order Entry to Print,CSD > Document Library > PURCHASING > 01_Purchase Order Entry to Print,11_Cancel PO,,,
FindModuleContext_Worklist_Resp_20251104_2020.csv,13_Add Items Using Easy Line Entry,SE,PURCHASING,01_Purchase Order Entry to Print,CSD > Document Library > PURCHASING > 01_Purchase Order Entry to Print,13_Add Items Using Easy Line Entry,,,
FindModuleContext_Worklist_Resp_20251104_2020.csv,14_Add Items to Purchase Order Using Advanced Line Entry,SE,PURCHASING,01_Purchase Order Entry to Print,CSD > Document Library > PURCHASING > 01_Purchase Order Entry to Print,14_Add Items to Purchase Order Using Advanced Line Entry,,,
FindModuleContext_Worklist_Resp_20251104_2020.csv,15_Add Nonstock Items to a Purchase Order Using Advanced Line Entry,SE,PURCHASING,01_Purchase Order Entry to Print,CSD > Document Library > PURCHASING > 01_Purchase Order Entry to Print,15_Add Nonstock Items to a Purchase Order Using Advanced Line Entry,,,
FindModuleContext_Worklist_Resp_20251104_2020.csv,01.2_CSD Incident,PALCO,ISM,01_Service Order Process,CSD > Document Library > PALCO POWER SYSTEMS > ISM > 01_Service Order Process,01.2_CSD Incident,,,
FindModuleContext_Worklist_Resp_20251104_2020.csv,01_ISM Incident,PALCO,ISM,01_Service Order Process,CSD > Document Library > PALCO POWER SYSTEMS > ISM > 01_Service Order Process,01_ISM Incident,,,
FindModuleContext_Worklist_Resp_20251104_2020.csv,03_Incident to SRO,PALCO,ISM,01_Service Order Process,CSD > Document Library > PALCO POWER SYSTEMS > ISM > 01_Service Order Process,03_Incident to SRO,,,
FindModuleContext_Worklist_Resp_20251104_2020.csv,04_Quick Create SRO,PALCO,ISM,01_Service Order Process,CSD > Document Library > PALCO POWER SYSTEMS > ISM > 01_Service Order Process,04_Quick Create SRO,,,
FindModuleContext_Worklist_Resp_20251104_2020.csv,05_Add SRO Lines,PALCO,ISM,01_Service Order Process,CSD > Document Library > PALCO POWER SYSTEMS > ISM > 01_Service Order Process,05_Add SRO Lines,,,
FindModuleContext_Worklist_Resp_20251104_2020.csv,06_Add Operations,PALCO,ISM,01_Service Order Process,CSD > Document Library > PALCO POWER SYSTEMS > ISM > 01_Service Order Process,06_Add Operations,,,
FindModuleContext_Worklist_Resp_20251104_2020.csv,07_Add Planned Transactions,PALCO,ISM,01_Service Order Process,CSD > Document Library > PALCO POWER SYSTEMS > ISM > 01_Service Order Process,07_Add Planned Transactions,,,
FindModuleContext_Worklist_Resp_20251104_2020.csv,08_Add a Non-Stock,PALCO,ISM,01_Service Order Process,CSD > Document Library > PALCO POWER SYSTEMS > ISM > 01_Service Order Process,08_Add a Non-Stock,,,
FindModuleContext_Worklist_Resp_20251104_2020.csv,10_Receive the Non-Stock,PALCO,ISM,01_Service Order Process,CSD > Document Library > PALCO POWER SYSTEMS > ISM > 01_Service Order Process,10_Receive the Non-Stock,,,
FindModuleContext_Worklist_Resp_20251104_2020.csv,11_Schedule Service,PALCO,ISM,01_Service Order Process,CSD > Document Library > PALCO POWER SYSTEMS > ISM > 01_Service Order Process,11_Schedule Service,,,
FindModuleContext_Worklist_Resp_20251104_2020.csv,12_Posting Transactions,PALCO,ISM,01_Service Order Process,CSD > Document Library > PALCO POWER SYSTEMS > ISM > 01_Service Order Process,12_Posting Transactions,,,
FindModuleContext_Worklist_Resp_20251104_2020.csv,13_Invoicing in ISM,PALCO,ISM,01_Service Order Process,CSD > Document Library > PALCO POWER SYSTEMS > ISM > 01_Service Order Process,13_Invoicing in ISM,,,
FindModuleContext_Worklist_Resp_20251104_2020.csv,14_Close SRO,PALCO,ISM,01_Service Order Process,CSD > Document Library > PALCO POWER SYSTEMS > ISM > 01_Service Order Process,14_Close SRO,,,
FindModuleContext_Worklist_Resp_20251104_2020.csv,02_Adjust Line Items,PALCO,SALES,02_Order Modification,CSD > Document Library > PALCO POWER SYSTEMS > SALES > 02_Order Modification,02_Adjust Line Items,,,
FindModuleContext_Worklist_Resp_20251104_2020.csv,04-Adjust Line Items,PALCO,SALES,02_Order Modification,CSD > Document Library > PALCO POWER SYSTEMS > SALES > 02_Order Modification,04-Adjust Line Items,,,
FindModuleContext_Worklist_Resp_20251104_2020.csv,05_Manually Apply Hold and Approve Held Order,PALCO,SALES,02_Order Modification,CSD > Document Library > PALCO POWER SYSTEMS > SALES > 02_Order Modification,05_Manually Apply Hold and Approve Held Order,,,
FindModuleContext_Worklist_Resp_20251104_2020.csv,06_Suspend an Order,PALCO,SALES,02_Order Modification,CSD > Document Library > PALCO POWER SYSTEMS > SALES > 02_Order Modification,06_Suspend an Order,,,
FindModuleContext_Worklist_Resp_20251104_2020.csv,11-Manually Apply Hold and Approve Held PO,PALCO,SALES,02_Order Modification,CSD > Document Library > PALCO POWER SYSTEMS > SALES > 02_Order Modification,11-Manually Apply Hold and Approve Held PO,,,
FindModuleContext_Worklist_Resp_20251104_2020.csv,12-Enter Stock Sales Order and Change Line Items,PALCO,SALES,02_Order Modification,CSD > Document Library > PALCO POWER SYSTEMS > SALES > 02_Order Modification,12-Enter Stock Sales Order and Change Line Items,,,
FindModuleContext_Worklist_Resp_20251104_2020.csv,15-Manually Apply Hold and Approve Held Order,PALCO,SALES,02_Order Modification,CSD > Document Library > PALCO POWER SYSTEMS > SALES > 02_Order Modification,15-Manually Apply Hold and Approve Held Order,,,
FindModuleContext_Worklist_Resp_20251104_2020.csv,16-Suspend an Order,PALCO,SALES,02_Order Modification,CSD > Document Library > PALCO POWER SYSTEMS > SALES > 02_Order Modification,16-Suspend an Order,,,
FindModuleContext_Worklist_Resp_20251104_2020.csv,01_Add Items to Stock Customer Sales Order,SE,SALES,02_Order Modification,CSD > Document Library > SALES > 02_Order Modification,01_Add Items to Stock Customer Sales Order,,,
FindModuleContext_Worklist_Resp_20251104_2020.csv,02-Add Items to Stock Customer Sales Order,SE,SALES,02_Order Modification,CSD > Document Library > SALES > 02_Order Modification,02-Add Items to Stock Customer Sales Order,,,
FindModuleContext_Worklist_Resp_20251104_2020.csv,03_Enter Stock Sales Order and Change Line Items,SE,SALES,02_Order Modification,CSD > Document Library > SALES > 02_Order Modification,03_Enter Stock Sales Order and Change Line Items,,,
FindModuleContext_Worklist_Resp_20251104_2020.csv,"04_Add Comments, Notes to Customer Sales Order",SE,SALES,02_Order Modification,CSD > Document Library > SALES > 02_Order Modification,"04_Add Comments, Notes to Customer Sales Order",,,
FindModuleContext_Worklist_Resp_20251104_2020.csv,"14-Add Comments, Notes to Customer Sales Order",SE,SALES,02_Order Modification,CSD > Document Library > SALES > 02_Order Modification,"14-Add Comments, Notes to Customer Sales Order",,,
FindModuleContext_Worklist_Resp_20251104_2020.csv,01_Create Rental Contract,PALCO,ISM,02_Rental Process,CSD > Document Library > PALCO POWER SYSTEMS > ISM > 02_Rental Process,01_Create Rental Contract,,,
FindModuleContext_Worklist_Resp_20251104_2020.csv,02_Add Rental Items,PALCO,ISM,02_Rental Process,CSD > Document Library > PALCO POWER SYSTEMS > ISM > 02_Rental Process,02_Add Rental Items,,,
FindModuleContext_Worklist_Resp_20251104_2020.csv,03_Print Rental Agreement,PALCO,ISM,02_Rental Process,CSD > Document Library > PALCO POWER SYSTEMS > ISM > 02_Rental Process,03_Print Rental Agreement,,,
FindModuleContext_Worklist_Resp_20251104_2020.csv,04_Add Re Rent Items,PALCO,ISM,02_Rental Process,CSD > Document Library > PALCO POWER SYSTEMS > ISM > 02_Rental Process,04_Add Re Rent Items,,,
FindModuleContext_Worklist_Resp_20251104_2020.csv,06_Print Re Rent PO,PALCO,ISM,02_Rental Process,CSD > Document Library > PALCO POWER SYSTEMS > ISM > 02_Rental Process,06_Print Re Rent PO,,,
FindModuleContext_Worklist_Resp_20251104_2020.csv,07_Receive Re Rent PO,PALCO,ISM,02_Rental Process,CSD > Document Library > PALCO POWER SYSTEMS > ISM > 02_Rental Process,07_Receive Re Rent PO,,,
FindModuleContext_Worklist_Resp_20251104_2020.csv,08_Check Out Rental,PALCO,ISM,02_Rental Process,CSD > Document Library > PALCO POWER SYSTEMS > ISM > 02_Rental Process,08_Check Out Rental,,,
FindModuleContext_Worklist_Resp_20251104_2020.csv,09_Check In Rental,PALCO,ISM,02_Rental Process,CSD > Document Library > PALCO POWER SYSTEMS > ISM > 02_Rental Process,09_Check In Rental,,,
FindModuleContext_Worklist_Resp_20251104_2020.csv,10_Close Rental,PALCO,ISM,02_Rental Process,CSD > Document Library > PALCO POWER SYSTEMS > ISM > 02_Rental Process,10_Close Rental,,,
FindModuleContext_Worklist_Resp_20251104_2020.csv,11_Change Billing Details,PALCO,ISM,02_Rental Process,CSD > Document Library > PALCO POWER SYSTEMS > ISM > 02_Rental Process,11_Change Billing Details,,,
FindModuleContext_Worklist_Resp_20251104_2020.csv,12_Receive Vendor RM PO,PALCO,ISM,02_Rental Process,CSD > Document Library > PALCO POWER SYSTEMS > ISM > 02_Rental Process,12_Receive Vendor RM PO,,,
FindModuleContext_Worklist_Resp_20251104_2020.csv,13_Add Freight to Rental,PALCO,ISM,02_Rental Process,CSD > Document Library > PALCO POWER SYSTEMS > ISM > 02_Rental Process,13_Add Freight to Rental,,,
FindModuleContext_Worklist_Resp_20251104_2020.csv,01_Generate RRAR,SE,PURCHASING,02_Replinishment Action Report Tasks,CSD > Document Library > PURCHASING > 02_Replinishment Action Report Tasks,01_Generate RRAR,,,
FindModuleContext_Worklist_Resp_20251104_2020.csv,02_View RRAR Records,SE,PURCHASING,02_Replinishment Action Report Tasks,CSD > Document Library > PURCHASING > 02_Replinishment Action Report Tasks,02_View RRAR Records,,,
FindModuleContext_Worklist_Resp_20251104_2020.csv,03_Review and Modify RRAR Record,SE,PURCHASING,02_Replinishment Action Report Tasks,CSD > Document Library > PURCHASING > 02_Replinishment Action Report Tasks,03_Review and Modify RRAR Record,,,
FindModuleContext_Worklist_Resp_20251104_2020.csv,04_Review Line Item Details,SE,PURCHASING,02_Replinishment Action Report Tasks,CSD > Document Library > PURCHASING > 02_Replinishment Action Report Tasks,04_Review Line Item Details,,,
FindModuleContext_Worklist_Resp_20251104_2020.csv,05_Update or Validate Quantities Needed,SE,PURCHASING,02_Replinishment Action Report Tasks,CSD > Document Library > PURCHASING > 02_Replinishment Action Report Tasks,05_Update or Validate Quantities Needed,,,
FindModuleContext_Worklist_Resp_20251104_2020.csv,06_Accept Replenishments,SE,PURCHASING,02_Replinishment Action Report Tasks,CSD > Document Library > PURCHASING > 02_Replinishment Action Report Tasks,06_Accept Replenishments,,,
FindModuleContext_Worklist_Resp_20251104_2020.csv,07_Adjust RARR Quantities Using Increase-Decrease Function in PO Demand Center,SE,PURCHASING,02_Replinishment Action Report Tasks,CSD > Document Library > PURCHASING > 02_Replinishment Action Report Tasks,07_Adjust RARR Quantities Using Increase-Decrease Function in PO Demand Center,,,
FindModuleContext_Worklist_Resp_20251104_2020.csv,09_Consolidate Multiple RRARS for Different Vendor Product Lines or Warehouses,SE,PURCHASING,02_Replinishment Action Report Tasks,CSD > Document Library > PURCHASING > 02_Replinishment Action Report Tasks,09_Consolidate Multiple RRARS for Different Vendor Product Lines or Warehouses,,,
FindModuleContext_Worklist_Resp_20251104_2020.csv,11_Merge POs_Print POs_Genrerate Exception Report,SE,PURCHASING,02_Replinishment Action Report Tasks,CSD > Document Library > PURCHASING > 02_Replinishment Action Report Tasks,11_Merge POs_Print POs_Genrerate Exception Report,,,
FindModuleContext_Worklist_Resp_20251104_2020.csv,16-Review Line Item Details,SE,PURCHASING,02_Replinishment Action Report Tasks,CSD > Document Library > PURCHASING > 02_Replinishment Action Report Tasks,16-Review Line Item Details,,,
FindModuleContext_Worklist_Resp_20251104_2020.csv,17-Accept Replenishments,SE,PURCHASING,02_Replinishment Action Report Tasks,CSD > Document Library > PURCHASING > 02_Replinishment Action Report Tasks,17-Accept Replenishments,,,
FindModuleContext_Worklist_Resp_20251104_2020.csv,"19-Merge POs, Print POs, Generate Exception Report",SE,PURCHASING,02_Replinishment Action Report Tasks,CSD > Document Library > PURCHASING > 02_Replinishment Action Report Tasks,"19-Merge POs, Print POs, Generate Exception Report",,,
FindModuleContext_Worklist_Resp_20251104_2020.csv,"01-Ship Sales Order, Include Addons",SE,OPERATIONS,02_Warehouse,CSD > Document Library > OPERATIONS > 02_Warehouse > 02_Shipping Sales Orders,"01-Ship Sales Order, Include Addons",,,
FindModuleContext_Worklist_Resp_20251104_2020.csv,"01_Ship Sales Order, Include Addons",SE,OPERATIONS,02_Warehouse,CSD > Document Library > OPERATIONS > 02_Warehouse > 02_Shipping Sales Orders,"01_Ship Sales Order, Include Addons",,,
FindModuleContext_Worklist_Resp_20251104_2020.csv,02_Run either the IC Entry Cycle Count Report or the IC Entry Physical Count Report,SE,OPERATIONS,02_Warehouse,CSD > Document Library > OPERATIONS > 02_Warehouse > 01_Physical or Cycle Count to Count Update,02_Run either the IC Entry Cycle Count Report or the IC Entry Physical Count Report,,,
FindModuleContext_Worklist_Resp_20251104_2020.csv,03-Unship an Order,SE,OPERATIONS,02_Warehouse,CSD > Document Library > OPERATIONS > 02_Warehouse > 02_Shipping Sales Orders,03-Unship an Order,,,
FindModuleContext_Worklist_Resp_20251104_2020.csv,03_Print Count Sheets,SE,OPERATIONS,02_Warehouse,CSD > Document Library > OPERATIONS > 02_Warehouse > 01_Physical or Cycle Count to Count Update,03_Print Count Sheets,,,
FindModuleContext_Worklist_Resp_20251104_2020.csv,04_Enter the Count into CSD Using Count Entry Function,SE,OPERATIONS,02_Warehouse,CSD > Document Library > OPERATIONS > 02_Warehouse > 01_Physical or Cycle Count to Count Update,04_Enter the Count into CSD Using Count Entry Function,,,
FindModuleContext_Worklist_Resp_20251104_2020.csv,05_Perform Shipping Feedback to Ship Order,SE,OPERATIONS,02_Warehouse,CSD > Document Library > OPERATIONS > 02_Warehouse > 02_Shipping Sales Orders,05_Perform Shipping Feedback to Ship Order,,,
FindModuleContext_Worklist_Resp_20251104_2020.csv,05_Run the Reconciliation Report,SE,OPERATIONS,02_Warehouse,CSD > Document Library > OPERATIONS > 02_Warehouse > 01_Physical or Cycle Count to Count Update,05_Run the Reconciliation Report,,,
FindModuleContext_Worklist_Resp_20251104_2020.csv,07_Edit Entered Counts,SE,OPERATIONS,02_Warehouse,CSD > Document Library > OPERATIONS > 02_Warehouse > 01_Physical or Cycle Count to Count Update,07_Edit Entered Counts,,,
FindModuleContext_Worklist_Resp_20251104_2020.csv,07_Run WT Entry Recommended Replenishment Action Report,SE,OPERATIONS,02_Warehouse,CSD > Document Library > OPERATIONS > 02_Warehouse > 04_Transfer Orders Picking to Shipping,07_Run WT Entry Recommended Replenishment Action Report,,,
FindModuleContext_Worklist_Resp_20251104_2020.csv,08-Print count sheets,SE,OPERATIONS,02_Warehouse,CSD > Document Library > OPERATIONS > 02_Warehouse > 01_Physical or Cycle Count to Count Update,08-Print count sheets,,,
FindModuleContext_Worklist_Resp_20251104_2020.csv,08_Run Physical Count Sheet,SE,OPERATIONS,02_Warehouse,CSD > Document Library > OPERATIONS > 02_Warehouse > 01_Physical or Cycle Count to Count Update,08_Run Physical Count Sheet,,,
FindModuleContext_Worklist_Resp_20251104_2020.csv,09.3_Run Results Report in ICEPW,SE,OPERATIONS,02_Warehouse,CSD > Document Library > OPERATIONS > 02_Warehouse > 01_Physical or Cycle Count to Count Update,09.3_Run Results Report in ICEPW,,,
FindModuleContext_Worklist_Resp_20251104_2020.csv,11_Adjust Inventory to Unavailable,SE,OPERATIONS,02_Warehouse,CSD > Document Library > OPERATIONS > 02_Warehouse > 01_Physical or Cycle Count to Count Update,11_Adjust Inventory to Unavailable,,,
FindModuleContext_Worklist_Resp_20251104_2020.csv,16-Print Count Sheets,SE,OPERATIONS,02_Warehouse,CSD > Document Library > OPERATIONS > 02_Warehouse > 01_Physical or Cycle Count to Count Update,16-Print Count Sheets,,,
FindModuleContext_Worklist_Resp_20251104_2020.csv,17-Run WT Entry Recommended Replenishment Action Report,SE,OPERATIONS,02_Warehouse,CSD > Document Library > OPERATIONS > 02_Warehouse > 04_Transfer Orders Picking to Shipping,17-Run WT Entry Recommended Replenishment Action Report,,,
FindModuleContext_Worklist_Resp_20251104_2020.csv,01_Review the Shopping List,PALCO,SALES,03_Order Review,CSD > Document Library > PALCO POWER SYSTEMS > SALES > 03_Order Review,01_Review the Shopping List,,,
FindModuleContext_Worklist_Resp_20251104_2020.csv,03-Review the Shopping List,PALCO,SALES,03_Order Review,CSD > Document Library > PALCO POWER SYSTEMS > SALES > 03_Order Review,03-Review the Shopping List,,,
FindModuleContext_Worklist_Resp_20251104_2020.csv,03_Use Order Inquiry to Search for Orders,PALCO,SALES,03_Order Review,CSD > Document Library > PALCO POWER SYSTEMS > SALES > 03_Order Review,03_Use Order Inquiry to Search for Orders,,,
FindModuleContext_Worklist_Resp_20251104_2020.csv,11-Use Order Inquiry to Search for Orders,PALCO,SALES,03_Order Review,CSD > Document Library > PALCO POWER SYSTEMS > SALES > 03_Order Review,11-Use Order Inquiry to Search for Orders,,,
FindModuleContext_Worklist_Resp_20251104_2020.csv,"02_Review Taxes, Totals, Payments for Stock Customer Sales Order",SE,SALES,03_Order Review,CSD > Document Library > SALES > 03_Order Review,"02_Review Taxes, Totals, Payments for Stock Customer Sales Order",,,
FindModuleContext_Worklist_Resp_20251104_2020.csv,04_View Units of Measure,SE,SALES,03_Order Review,CSD > Document Library > SALES > 03_Order Review,04_View Units of Measure,,,
FindModuleContext_Worklist_Resp_20251104_2020.csv,"05-Review Taxes, Totals, Payments for Stock Customer Sales Order",SE,SALES,03_Order Review,CSD > Document Library > SALES > 03_Order Review,"05-Review Taxes, Totals, Payments for Stock Customer Sales Order",,,
FindModuleContext_Worklist_Resp_20251104_2020.csv,21-View Units of Measure,SE,SALES,03_Order Review,CSD > Document Library > SALES > 03_Order Review,21-View Units of Measure,,,
FindModuleContext_Worklist_Resp_20251104_2020.csv,01_Filter Working Status,PALCO,ISM,03_Warranty Process,CSD > Document Library > PALCO POWER SYSTEMS > ISM > 03_Warranty Process,01_Filter Working Status,,,
FindModuleContext_Worklist_Resp_20251104_2020.csv,03_Change Working Status,PALCO,ISM,03_Warranty Process,CSD > Document Library > PALCO POWER SYSTEMS > ISM > 03_Warranty Process,03_Change Working Status,,,
FindModuleContext_Worklist_Resp_20251104_2020.csv,04_Change Operations,PALCO,ISM,03_Warranty Process,CSD > Document Library > PALCO POWER SYSTEMS > ISM > 03_Warranty Process,04_Change Operations,,,
FindModuleContext_Worklist_Resp_20251104_2020.csv,06_ISM Invoice,PALCO,ISM,03_Warranty Process,CSD > Document Library > PALCO POWER SYSTEMS > ISM > 03_Warranty Process,06_ISM Invoice,,,
FindModuleContext_Worklist_Resp_20251104_2020.csv,07_Mark Accepted,PALCO,ISM,03_Warranty Process,CSD > Document Library > PALCO POWER SYSTEMS > ISM > 03_Warranty Process,07_Mark Accepted,,,
FindModuleContext_Worklist_Resp_20251104_2020.csv,08_Mark Reconciled,PALCO,ISM,03_Warranty Process,CSD > Document Library > PALCO POWER SYSTEMS > ISM > 03_Warranty Process,08_Mark Reconciled,,,
FindModuleContext_Worklist_Resp_20251104_2020.csv,01_Partner Set Up,PALCO,ISM,04_ISM Set Up,CSD > Document Library > PALCO POWER SYSTEMS > ISM > 04_ISM Set Up,01_Partner Set Up,,,
FindModuleContext_Worklist_Resp_20251104_2020.csv,02_Partners Schedule Set Up,PALCO,ISM,04_ISM Set Up,CSD > Document Library > PALCO POWER SYSTEMS > ISM > 04_ISM Set Up,02_Partners Schedule Set Up,,,
FindModuleContext_Worklist_Resp_20251104_2020.csv,06_Create a Warranty Code,PALCO,ISM,04_ISM Set Up,CSD > Document Library > PALCO POWER SYSTEMS > ISM > 04_ISM Set Up,06_Create a Warranty Code,,,
FindModuleContext_Worklist_Resp_20251104_2020.csv,01_Copy Quote Order to a Stock Order,SE,SALES,04_Order Copying and Conversion,CSD > Document Library > SALES > 04_Order Copying and Conversion,01_Copy Quote Order to a Stock Order,,,
FindModuleContext_Worklist_Resp_20251104_2020.csv,02_Copy Customer Sales Order,SE,SALES,04_Order Copying and Conversion,CSD > Document Library > SALES > 04_Order Copying and Conversion,02_Copy Customer Sales Order,,,
FindModuleContext_Worklist_Resp_20251104_2020.csv,08-Copy Quote Order to a Stock Order,SE,SALES,04_Order Copying and Conversion,CSD > Document Library > SALES > 04_Order Copying and Conversion,08-Copy Quote Order to a Stock Order,,,
FindModuleContext_Worklist_Resp_20251104_2020.csv,13-Copy Customer Sales Order,SE,SALES,04_Order Copying and Conversion,CSD > Document Library > SALES > 04_Order Copying and Conversion,13-Copy Customer Sales Order,,,
FindModuleContext_Worklist_Resp_20251104_2020.csv,01_Purchase Order Submit PO to Vendor,SE,PURCHASING,04_PO Print to Receipt,CSD > Document Library > PURCHASING > 04_PO Print to Receipt,01_Purchase Order Submit PO to Vendor,,,
FindModuleContext_Worklist_Resp_20251104_2020.csv,02_Purchase Order Maintain PO,SE,PURCHASING,04_PO Print to Receipt,CSD > Document Library > PURCHASING > 04_PO Print to Receipt,02_Purchase Order Maintain PO,,,
FindModuleContext_Worklist_Resp_20251104_2020.csv,03_Acknowledge Purchase Order,SE,PURCHASING,04_PO Print to Receipt,CSD > Document Library > PURCHASING > 04_PO Print to Receipt,03_Acknowledge Purchase Order,,,
FindModuleContext_Worklist_Resp_20251104_2020.csv,05_Add Special Order Product to Sales Order,SE,SALES,05_Product Management,CSD > Document Library > SALES > 05_Product Management,05_Add Special Order Product to Sales Order,,,
FindModuleContext_Worklist_Resp_20251104_2020.csv,23-Add Catalog Product to Order,PALCO,SALES,05_Product Management,CSD > Document Library > PALCO POWER SYSTEMS > SALES > 05_Product Management,23-Add Catalog Product to Order,,,
FindModuleContext_Worklist_Resp_20251104_2020.csv,24-Add Special Order Product to Sales Order,SE,SALES,05_Product Management,CSD > Document Library > SALES > 05_Product Management,24-Add Special Order Product to Sales Order,,,
FindModuleContext_Worklist_Resp_20251104_2020.csv,01_Initiate Vendor Return,SE,PURCHASING,05_Return Merchandise PO to Shipment,CSD > Document Library > PURCHASING > 05_Return Merchandise PO to Shipment,01_Initiate Vendor Return,,,
FindModuleContext_Worklist_Resp_20251104_2020.csv,01_Print PO Expedite Report,SE,PURCHASING,06.5_Run Reports,CSD > Document Library > PURCHASING > 06.5_Run Reports,01_Print PO Expedite Report,,,
FindModuleContext_Worklist_Resp_20251104_2020.csv,02_Print Inventory Turnover Report,SE,PURCHASING,06.5_Run Reports,CSD > Document Library > PURCHASING > 06.5_Run Reports,02_Print Inventory Turnover Report,,,
FindModuleContext_Worklist_Resp_20251104_2020.csv,03_Print Fill Report by Class Report,SE,PURCHASING,06.5_Run Reports,CSD > Document Library > PURCHASING > 06.5_Run Reports,03_Print Fill Report by Class Report,,,
FindModuleContext_Worklist_Resp_20251104_2020.csv,04_Print Gap Report,SE,PURCHASING,06.5_Run Reports,CSD > Document Library > PURCHASING > 06.5_Run Reports,04_Print Gap Report,,,
FindModuleContext_Worklist_Resp_20251104_2020.csv,05_Print Surplus Stock Report,SE,PURCHASING,06.5_Run Reports,CSD > Document Library > PURCHASING > 06.5_Run Reports,05_Print Surplus Stock Report,,,
FindModuleContext_Worklist_Resp_20251104_2020.csv,01_View Consolidation Info in Demand Center,SE,PURCHASING,06_Demand Tasks (DEM),CSD > Document Library > PURCHASING > 06_Demand Tasks (DEM),01_View Consolidation Info in Demand Center,,,
FindModuleContext_Worklist_Resp_20251104_2020.csv,02_Merge POs_Print POs_Generate Exception Report,SE,PURCHASING,06_Demand Tasks (DEM),CSD > Document Library > PURCHASING > 06_Demand Tasks (DEM),02_Merge POs_Print POs_Generate Exception Report,,,
FindModuleContext_Worklist_Resp_20251104_2020.csv,03_Generate IC Admin Review Cycle Adjustment Report,SE,PURCHASING,06_Demand Tasks (DEM),CSD > Document Library > PURCHASING > 06_Demand Tasks (DEM),03_Generate IC Admin Review Cycle Adjustment Report,,,
FindModuleContext_Worklist_Resp_20251104_2020.csv,04_Generate IC Admin Inventory Classification and Rank Report,SE,PURCHASING,06_Demand Tasks (DEM),CSD > Document Library > PURCHASING > 06_Demand Tasks (DEM),04_Generate IC Admin Inventory Classification and Rank Report,,,
FindModuleContext_Worklist_Resp_20251104_2020.csv,06_Review Exception Processing Center Screen,SE,PURCHASING,06_Demand Tasks (DEM),CSD > Document Library > PURCHASING > 06_Demand Tasks (DEM),06_Review Exception Processing Center Screen,,,
FindModuleContext_Worklist_Resp_20251104_2020.csv,18-View Consolidation Info in Demand Center,SE,PURCHASING,06_Demand Tasks (DEM),CSD > Document Library > PURCHASING > 06_Demand Tasks (DEM),18-View Consolidation Info in Demand Center,,,
FindModuleContext_Worklist_Resp_20251104_2020.csv,20-Generate IC Admin Review Cycle Adjustment Report,SE,PURCHASING,06_Demand Tasks (DEM),CSD > Document Library > PURCHASING > 06_Demand Tasks (DEM),20-Generate IC Admin Review Cycle Adjustment Report,,,
FindModuleContext_Worklist_Resp_20251104_2020.csv,21-Generate IC Admin Inventory Classification and Rank Report,SE,PURCHASING,06_Demand Tasks (DEM),CSD > Document Library > PURCHASING > 06_Demand Tasks (DEM),21-Generate IC Admin Inventory Classification and Rank Report,,,
FindModuleContext_Worklist_Resp_20251104_2020.csv,23-Review Exception Processing Center Screen,SE,PURCHASING,06_Demand Tasks (DEM),CSD > Document Library > PURCHASING > 06_Demand Tasks (DEM),23-Review Exception Processing Center Screen,,,
FindModuleContext_Worklist_Resp_20251104_2020.csv,01_Perform Lookups in Customer Sales Order,SE,SALES,06_Lookup and Inquiry,CSD > Document Library > SALES > 06_Lookup and Inquiry,01_Perform Lookups in Customer Sales Order,,,
FindModuleContext_Worklist_Resp_20251104_2020.csv,02_Use Order Inquiry to Search Orders,SE,SALES,06_Lookup and Inquiry,CSD > Document Library > SALES > 06_Lookup and Inquiry,02_Use Order Inquiry to Search Orders,,,
FindModuleContext_Worklist_Resp_20251104_2020.csv,06-Perform Lookups in Customer Sales Order,SE,SALES,06_Lookup and Inquiry,CSD > Document Library > SALES > 06_Lookup and Inquiry,06-Perform Lookups in Customer Sales Order,,,
FindModuleContext_Worklist_Resp_20251104_2020.csv,01_Create a Customer Unit,PALCO,ISM,06_Register a Unit,CSD > Document Library > PALCO POWER SYSTEMS > ISM > 06_Register a Unit,01_Create a Customer Unit,,,
FindModuleContext_Worklist_Resp_20251104_2020.csv,02_Add a Warranty to a Unit,PALCO,ISM,06_Register a Unit,CSD > Document Library > PALCO POWER SYSTEMS > ISM > 06_Register a Unit,02_Add a Warranty to a Unit,,,
FindModuleContext_Worklist_Resp_20251104_2020.csv,01_Travel to Site,PALCO,ISM,07_Tech Mobile,CSD > Document Library > PALCO POWER SYSTEMS > ISM > 07_Tech Mobile,01_Travel to Site,,,
FindModuleContext_Worklist_Resp_20251104_2020.csv,02_Perform Site Work,PALCO,ISM,07_Tech Mobile,CSD > Document Library > PALCO POWER SYSTEMS > ISM > 07_Tech Mobile,02_Perform Site Work,,,
FindModuleContext_Worklist_Resp_20251104_2020.csv,01_Manual Entry of a Warehouse Transfer,SE,PURCHASING,07_Warehouse Transfers,CSD > Document Library > PURCHASING > 07_Warehouse Transfers,01_Manual Entry of a Warehouse Transfer,,,
FindModuleContext_Worklist_Resp_20251104_2020.csv,02_Approving a Warehouse Transfer That is on Hold,SE,PURCHASING,07_Warehouse Transfers,CSD > Document Library > PURCHASING > 07_Warehouse Transfers,02_Approving a Warehouse Transfer That is on Hold,,,
FindModuleContext_Worklist_Resp_20251104_2020.csv,04_Maintaining a Warehouse Tranfer,SE,PURCHASING,07_Warehouse Transfers,CSD > Document Library > PURCHASING > 07_Warehouse Transfers,04_Maintaining a Warehouse Tranfer,,,
FindModuleContext_Worklist_Resp_20251104_2020.csv,05_Notes on a Warehouse Transfer,SE,PURCHASING,07_Warehouse Transfers,CSD > Document Library > PURCHASING > 07_Warehouse Transfers,05_Notes on a Warehouse Transfer,,,
FindModuleContext_Worklist_Resp_20251104_2020.csv,06_Canceling a Warehouse Transfer,SE,PURCHASING,07_Warehouse Transfers,CSD > Document Library > PURCHASING > 07_Warehouse Transfers,06_Canceling a Warehouse Transfer,,,
FindModuleContext_Worklist_Resp_20251104_2020.csv,07_Tying a Warehouse Transfer to a Customer Order,SE,PURCHASING,07_Warehouse Transfers,CSD > Document Library > PURCHASING > 07_Warehouse Transfers,07_Tying a Warehouse Transfer to a Customer Order,,,
FindModuleContext_Worklist_Resp_20251104_2020.csv,01_Wire Order Placement,SE,SALES,07_Wire Order Placement,CSD > Document Library > SALES > 07_Wire Order Placement,01_Wire Order Placement,,,
FindModuleContext_Worklist_Resp_20251104_2020.csv,01_How to Use the Quote Modification,SE,PURCHASING,08_Miscellaneous,CSD > Document Library > PURCHASING > 08_Miscellaneous,01_How to Use the Quote Modification,,,
FindModuleContext_Worklist_Resp_20251104_2020.csv,02_Determining Extra Stock to Order,SE,PURCHASING,08_Miscellaneous,CSD > Document Library > PURCHASING > 08_Miscellaneous,02_Determining Extra Stock to Order,,,
FindModuleContext_Worklist_Resp_20251104_2020.csv,03_Blanket POs,SE,PURCHASING,08_Miscellaneous,CSD > Document Library > PURCHASING > 08_Miscellaneous,03_Blanket POs,,,
FindModuleContext_Worklist_Resp_20251104_2020.csv,04_Accumulative POs,SE,PURCHASING,08_Miscellaneous,CSD > Document Library > PURCHASING > 08_Miscellaneous,04_Accumulative POs,,,
FindModuleContext_Worklist_Resp_20251104_2020.csv,05_Returning a Core Product,SE,PURCHASING,08_Miscellaneous,CSD > Document Library > PURCHASING > 08_Miscellaneous,05_Returning a Core Product,,,
FindModuleContext_Worklist_Resp_20251104_2020.csv,06_Returning an Acknowledged PO to the Printed Stage,SE,PURCHASING,08_Miscellaneous,CSD > Document Library > PURCHASING > 08_Miscellaneous,06_Returning an Acknowledged PO to the Printed Stage,,,
FindModuleContext_Worklist_Resp_20251104_2020.csv,07_Tying a PO RM to a Sales Order Line,SE,PURCHASING,08_Miscellaneous,CSD > Document Library > PURCHASING > 08_Miscellaneous,07_Tying a PO RM to a Sales Order Line,,,
FindModuleContext_Worklist_Resp_20251104_2020.csv,08_Correcting an Over Under Receipt,SE,PURCHASING,08_Miscellaneous,CSD > Document Library > PURCHASING > 08_Miscellaneous,08_Correcting an Over Under Receipt,,,
FindModuleContext_Worklist_Resp_20251104_2020.csv,09_Correcting a Wrong Product Receipt,SE,PURCHASING,08_Miscellaneous,CSD > Document Library > PURCHASING > 08_Miscellaneous,09_Correcting a Wrong Product Receipt,,,
FindModuleContext_Worklist_Resp_20251104_2020.csv,10_Correcting a Wrong Cost Receipt,SE,PURCHASING,08_Miscellaneous,CSD > Document Library > PURCHASING > 08_Miscellaneous,10_Correcting a Wrong Cost Receipt,,,
FindModuleContext_Worklist_Resp_20251104_2020.csv,01_Create PMA Contract,PALCO,ISM,08_PMA Service Orders,CSD > Document Library > PALCO POWER SYSTEMS > ISM > 08_PMA Service Orders,01_Create PMA Contract,,,
FindModuleContext_Worklist_Resp_20251104_2020.csv,04_Bill Contract,PALCO,ISM,08_PMA Service Orders,CSD > Document Library > PALCO POWER SYSTEMS > ISM > 08_PMA Service Orders,04_Bill Contract,,,
FindModuleContext_Worklist_Resp_20251104_2020.csv,01-Set up vendor,SE,FINANCE,Accounts Payable,CSD > Document Library >FIN\AP,01-Set up vendor,,,
FindModuleContext_Worklist_Resp_20251104_2020.csv,02-Set up vendor ship-from,SE,FINANCE,Accounts Payable,CSD > Document Library >FIN\AP,02-Set up vendor ship-from,,,
FindModuleContext_Worklist_Resp_20251104_2020.csv,13-Enter a manual payment,SE,FINANCE,Accounts Payable,CSD > Document Library >FIN\AP,13-Enter a manual payment,,,
FindModuleContext_Worklist_Resp_20251104_2020.csv,16-Enter trade invoice - PO does not match,SE,FINANCE,Accounts Payable,CSD > Document Library >FIN\AP,16-Enter trade invoice - PO does not match,,,
FindModuleContext_Worklist_Resp_20251104_2020.csv,19-Enter trade invoice - partial receipt,SE,FINANCE,Accounts Payable,CSD > Document Library >FIN\AP,19-Enter trade invoice - partial receipt,,,
FindModuleContext_Worklist_Resp_20251104_2020.csv,21-Cash Requirements Report,SE,FINANCE,Accounts Payable,CSD > Document Library >FIN\AP,21-Cash Requirements Report,,,
FindModuleContext_Worklist_Resp_20251104_2020.csv,25-Set up misc vendor in AP,SE,FINANCE,Accounts Payable,CSD > Document Library >FIN\AP,25-Set up misc vendor in AP,,,
FindModuleContext_Worklist_Resp_20251104_2020.csv,27-Set up vendor history table,SE,FINANCE,Accounts Payable,CSD > Document Library >FIN\AP,27-Set up vendor history table,,,
FindModuleContext_Worklist_Resp_20251104_2020.csv,28-Set up federal tax 1099,SE,FINANCE,Accounts Payable,CSD > Document Library >FIN\AP,28-Set up federal tax 1099,,,
FindModuleContext_Worklist_Resp_20251104_2020.csv,01_Create Invoice Process Group,SE,FINANCE,Accounts Payable,CSD > Document Library > FINANCIAL > Accounts Payable > 02_Basic AP Process,01_Create Invoice Process Group,,,
FindModuleContext_Worklist_Resp_20251104_2020.csv,03-Create invoice process group,SE,FINANCE,Accounts Payable,CSD > Document Library > FINANCIAL > Accounts Payable > 02_Basic AP Process,03-Create invoice process group,,,
FindModuleContext_Worklist_Resp_20251104_2020.csv,03_Inquire on Vendor Info,SE,FINANCE,Accounts Payable,CSD > Document Library > FINANCIAL > Accounts Payable > 02_Basic AP Process,03_Inquire on Vendor Info,,,
FindModuleContext_Worklist_Resp_20251104_2020.csv,04-Enter and process expense invoice,SE,FINANCE,Accounts Payable,CSD > Document Library > FINANCIAL > Accounts Payable > 02_Basic AP Process,04-Enter and process expense invoice,,,
FindModuleContext_Worklist_Resp_20251104_2020.csv,"04_Change Vendor Invoice - Due Date, Discount Rate",SE,FINANCE,Accounts Payable,CSD > Document Library > FINANCIAL > Accounts Payable > 02_Basic AP Process,"04_Change Vendor Invoice - Due Date, Discount Rate",,,
FindModuleContext_Worklist_Resp_20251104_2020.csv,05-Inquire on vendor info,SE,FINANCE,Accounts Payable,CSD > Document Library > FINANCIAL > Accounts Payable > 02_Basic AP Process,05-Inquire on vendor info,,,
FindModuleContext_Worklist_Resp_20251104_2020.csv,05_Set Up Split Payment for Invoice in Entered Stage,SE,FINANCE,Accounts Payable,CSD > Document Library > FINANCIAL > Accounts Payable > 02_Basic AP Process,05_Set Up Split Payment for Invoice in Entered Stage,,,
FindModuleContext_Worklist_Resp_20251104_2020.csv,"06-Change vendor invoice - due date, discount rate",SE,FINANCE,Accounts Payable,CSD > Document Library > FINANCIAL > Accounts Payable > 02_Basic AP Process,"06-Change vendor invoice - due date, discount rate",,,
FindModuleContext_Worklist_Resp_20251104_2020.csv,06_Change Payment to Split Payment Schedule,SE,FINANCE,Accounts Payable,CSD > Document Library > FINANCIAL > Accounts Payable > 02_Basic AP Process,06_Change Payment to Split Payment Schedule,,,
FindModuleContext_Worklist_Resp_20251104_2020.csv,07-Set up split payment for invoice in Entered stage,SE,FINANCE,Accounts Payable,CSD > Document Library > FINANCIAL > Accounts Payable > 02_Basic AP Process,07-Set up split payment for invoice in Entered stage,,,
FindModuleContext_Worklist_Resp_20251104_2020.csv,07_Perform a Reversal,SE,FINANCE,Accounts Payable,CSD > Document Library > FINANCIAL > Accounts Payable > 02_Basic AP Process,07_Perform a Reversal,,,
FindModuleContext_Worklist_Resp_20251104_2020.csv,08-Change payment to split payment schedule,SE,FINANCE,Accounts Payable,CSD > Document Library > FINANCIAL > Accounts Payable > 02_Basic AP Process,08-Change payment to split payment schedule,,,
FindModuleContext_Worklist_Resp_20251104_2020.csv,08_Enter a Credit Memo,SE,FINANCE,Accounts Payable,CSD > Document Library > FINANCIAL > Accounts Payable > 02_Basic AP Process,08_Enter a Credit Memo,,,
FindModuleContext_Worklist_Resp_20251104_2020.csv,09-Perform a reversal,SE,FINANCE,Accounts Payable,CSD > Document Library > FINANCIAL > Accounts Payable > 02_Basic AP Process,09-Perform a reversal,,,
FindModuleContext_Worklist_Resp_20251104_2020.csv,09_Enter a Misc Credit,SE,FINANCE,Accounts Payable,CSD > Document Library > FINANCIAL > Accounts Payable > 02_Basic AP Process,09_Enter a Misc Credit,,,
FindModuleContext_Worklist_Resp_20251104_2020.csv,10_Enter a Debit Memo,SE,FINANCE,Accounts Payable,CSD > Document Library > FINANCIAL > Accounts Payable > 02_Basic AP Process,10_Enter a Debit Memo,,,
FindModuleContext_Worklist_Resp_20251104_2020.csv,11-Enter a misc credit,SE,FINANCE,Accounts Payable,CSD > Document Library > FINANCIAL > Accounts Payable > 02_Basic AP Process,11-Enter a misc credit,,,
FindModuleContext_Worklist_Resp_20251104_2020.csv,12-Enter a debit memo,SE,FINANCE,Accounts Payable,CSD > Document Library > FINANCIAL > Accounts Payable > 02_Basic AP Process,12-Enter a debit memo,,,
FindModuleContext_Worklist_Resp_20251104_2020.csv,13_Enter Trade Invoice - PO Matches,SE,FINANCE,Accounts Payable,CSD > Document Library > FINANCIAL > Accounts Payable > 02_Basic AP Process,13_Enter Trade Invoice - PO Matches,,,
FindModuleContext_Worklist_Resp_20251104_2020.csv,14-Create new trade vendor,SE,FINANCE,Accounts Payable,CSD > Document Library > FINANCIAL > Accounts Payable > 02_Basic AP Process,14-Create new trade vendor,,,
FindModuleContext_Worklist_Resp_20251104_2020.csv,15-Enter trade invoice - PO matches,SE,FINANCE,Accounts Payable,CSD > Document Library > FINANCIAL > Accounts Payable > 02_Basic AP Process,15-Enter trade invoice - PO matches,,,
FindModuleContext_Worklist_Resp_20251104_2020.csv,15_Enter Trade Invoice - Add On Charges,SE,FINANCE,Accounts Payable,CSD > Document Library > FINANCIAL > Accounts Payable > 02_Basic AP Process,15_Enter Trade Invoice - Add On Charges,,,
FindModuleContext_Worklist_Resp_20251104_2020.csv,16_Enter Trade Invoice - Reconcile Against Multiple POs,SE,FINANCE,Accounts Payable,CSD > Document Library > FINANCIAL > Accounts Payable > 02_Basic AP Process,16_Enter Trade Invoice - Reconcile Against Multiple POs,,,
FindModuleContext_Worklist_Resp_20251104_2020.csv,17-Enter trade invoice - add-on charges,SE,FINANCE,Accounts Payable,CSD > Document Library > FINANCIAL > Accounts Payable > 02_Basic AP Process,17-Enter trade invoice - add-on charges,,,
FindModuleContext_Worklist_Resp_20251104_2020.csv,17_Enter Trade Invoice - Partial Receipt (Short Pay),SE,FINANCE,Accounts Payable,CSD > Document Library > FINANCIAL > Accounts Payable > 02_Basic AP Process,17_Enter Trade Invoice - Partial Receipt (Short Pay),,,
FindModuleContext_Worklist_Resp_20251104_2020.csv,18-Enter trade invoice - reconcile against multiple POs,SE,FINANCE,Accounts Payable,CSD > Document Library > FINANCIAL > Accounts Payable > 02_Basic AP Process,18-Enter trade invoice - reconcile against multiple POs,,,
FindModuleContext_Worklist_Resp_20251104_2020.csv,18_Enter Trade Invoice - PO Correction,SE,FINANCE,Accounts Payable,CSD > Document Library > FINANCIAL > Accounts Payable > 02_Basic AP Process,18_Enter Trade Invoice - PO Correction,,,
FindModuleContext_Worklist_Resp_20251104_2020.csv,19_Select Invoices for Payment,SE,FINANCE,Accounts Payable,CSD > Document Library > FINANCIAL > Accounts Payable > 02_Basic AP Process,19_Select Invoices for Payment,,,
FindModuleContext_Worklist_Resp_20251104_2020.csv,20-Enter trade invoice - PO correction,SE,FINANCE,Accounts Payable,CSD > Document Library > FINANCIAL > Accounts Payable > 02_Basic AP Process,20-Enter trade invoice - PO correction,,,
FindModuleContext_Worklist_Resp_20251104_2020.csv,20_AP Vendor Entry Pay Invoice Due Report,SE,FINANCE,Accounts Payable,CSD > Document Library > FINANCIAL > Accounts Payable > 02_Basic AP Process,20_AP Vendor Entry Pay Invoice Due Report,,,
FindModuleContext_Worklist_Resp_20251104_2020.csv,21_Print Checks,SE,FINANCE,Accounts Payable,CSD > Document Library > FINANCIAL > Accounts Payable > 02_Basic AP Process,21_Print Checks,,,
FindModuleContext_Worklist_Resp_20251104_2020.csv,22-Select invoices for payment,SE,FINANCE,Accounts Payable,CSD > Document Library > FINANCIAL > Accounts Payable > 02_Basic AP Process,22-Select invoices for payment,,,
FindModuleContext_Worklist_Resp_20251104_2020.csv,23-AP Vendor Entry Pay Invoice Due Report,SE,FINANCE,Accounts Payable,CSD > Document Library > FINANCIAL > Accounts Payable > 02_Basic AP Process,23-AP Vendor Entry Pay Invoice Due Report,,,
FindModuleContext_Worklist_Resp_20251104_2020.csv,24-Print checks,SE,FINANCE,Accounts Payable,CSD > Document Library > FINANCIAL > Accounts Payable > 02_Basic AP Process,24-Print checks,,,
FindModuleContext_Worklist_Resp_20251104_2020.csv,24_Process Payable Invoice,SE,FINANCE,Accounts Payable,CSD > Document Library > FINANCIAL > Accounts Payable > 02_Basic AP Process,24_Process Payable Invoice,,,
FindModuleContext_Worklist_Resp_20251104_2020.csv,26-Enter invoice for misc vendor,SE,FINANCE,Accounts Payable,CSD > Document Library > FINANCIAL > Accounts Payable > 02_Basic AP Process,26-Enter invoice for misc vendor,,,
Manual,11    cost po to vendor invoice,SE,FINANCE,ACCOUNTS PAYABLE,,,,,
Manual,13 enter trade invoice   po matches,SE,FINANCE,ACCOUNTS PAYABLE,,,,,
Manual,18 enter trade invoice   po correction,SE,FINANCE,ACCOUNTS PAYABLE,,,,,
Manual,21 print checks,SE,FINANCE,ACCOUNTS PAYABLE,,,,,
Manual,24    print checks,SE,FINANCE,ACCOUNTS PAYABLE,,,,,
Manual,26   enter invoice for misc vendor,SE,FINANCE,ACCOUNTS PAYABLE,,,,,
Manual,05 apply payment to invoice,SE,FINANCE,ACCOUNTS PAYABLE,,,,,
Manual,05   inquire on vendor info,SE,FINANCE,ACCOUNTS PAYABLE,,,,,
Manual,01    set up customer,SE,FINANCE,Accounts Receivable,,,,,
Manual,02  set up a customer record,SE,FINANCE,Accounts Receivable,,,,,
Manual,02 verify customer eligibility,SE,FINANCE,Accounts Receivable,,,,,
FindModuleContext_Worklist_Resp_20251104_2020.csv,New Customer Registration,SE,FINANCE,Accounts Receivable,,New Customer Registration,,,
FindModuleContext_Worklist_Resp_20251104_2020.csv,01-Set up customer,SE,FINANCE,Accounts Receivable,CSD > Document Library >FIN\AR,01-Set up customer,,,
FindModuleContext_Worklist_Resp_20251104_2020.csv,02-Set up ship-to address,SE,FINANCE,Accounts Receivable,CSD > Document Library >FIN\AR,02-Set up ship-to address,,,
FindModuleContext_Worklist_Resp_20251104_2020.csv,06-Reverse a transaction,SE,FINANCE,Accounts Receivable,CSD > Document Library >FIN\AR,06-Reverse a transaction,,,
FindModuleContext_Worklist_Resp_20251104_2020.csv,16-Apply a COD credit,SE,FINANCE,Accounts Receivable,CSD > Document Library >FIN\AR,16-Apply a COD credit,,,
FindModuleContext_Worklist_Resp_20251104_2020.csv,18-Modify customer invoice,SE,FINANCE,Accounts Receivable,CSD > Document Library >FIN\AR,18-Modify customer invoice,,,
FindModuleContext_Worklist_Resp_20251104_2020.csv,20-Complete price correction,SE,FINANCE,Accounts Receivable,CSD > Document Library >FIN\AR,20-Complete price correction,,,
FindModuleContext_Worklist_Resp_20251104_2020.csv,21-Correct payment posted to wrong account,SE,FINANCE,Accounts Receivable,CSD > Document Library >FIN\AR,21-Correct payment posted to wrong account,,,
FindModuleContext_Worklist_Resp_20251104_2020.csv,22-Process short payment with sales tax write-off,SE,FINANCE,Accounts Receivable,CSD > Document Library >FIN\AR,22-Process short payment with sales tax write-off,,,
FindModuleContext_Worklist_Resp_20251104_2020.csv,23-Update account due to returned check,SE,FINANCE,Accounts Receivable,CSD > Document Library >FIN\AR,23-Update account due to returned check,,,
FindModuleContext_Worklist_Resp_20251104_2020.csv,24-AR Open Activity Report,SE,FINANCE,Accounts Receivable,CSD > Document Library >FIN\AR,24-AR Open Activity Report,,,
FindModuleContext_Worklist_Resp_20251104_2020.csv,26-Print customer statement,SE,FINANCE,Accounts Receivable,CSD > Document Library >FIN\AR,26-Print customer statement,,,
FindModuleContext_Worklist_Resp_20251104_2020.csv,27-AR Trial Balance Report,SE,FINANCE,Accounts Receivable,CSD > Document Library >FIN\AR,27-AR Trial Balance Report,,,
FindModuleContext_Worklist_Resp_20251104_2020.csv,28-AR Period Analysis Report,SE,FINANCE,Accounts Receivable,CSD > Document Library >FIN\AR,28-AR Period Analysis Report,,,
FindModuleContext_Worklist_Resp_20251104_2020.csv,01_Customer Setup,SE,FINANCE,Accounts Receivable,CSD > Document Library > FINANCIAL > Accounts Receivable > 01_Basic Setup,01_Customer Setup,,,
FindModuleContext_Worklist_Resp_20251104_2020.csv,01_Enter an Invoice,SE,FINANCE,Accounts Receivable,CSD > Document Library > FINANCIAL > Accounts Receivable > 02_Quote to Cash,01_Enter an Invoice,,,
FindModuleContext_Worklist_Resp_20251104_2020.csv,01_Price Correction,SE,FINANCE,Accounts Receivable,CSD > Document Library > FINANCIAL > Accounts Receivable > 03_Account Adjustments and Corrections,01_Price Correction,,,
FindModuleContext_Worklist_Resp_20251104_2020.csv,01_Run (ARRO) AR Open Activity Report,SE,FINANCE,Accounts Receivable,CSD > Document Library > FINANCIAL > Accounts Receivable > 04_Accounts Receivable Reporting and Analysis,01_Run (ARRO) AR Open Activity Report,,,
FindModuleContext_Worklist_Resp_20251104_2020.csv,02_Enter a Credit Memo,SE,FINANCE,Accounts Receivable,CSD > Document Library > FINANCIAL > Accounts Receivable > 02_Quote to Cash,02_Enter a Credit Memo,,,
FindModuleContext_Worklist_Resp_20251104_2020.csv,02_Ship-to Setup,SE,FINANCE,Accounts Receivable,CSD > Document Library > FINANCIAL > Accounts Receivable > 01_Basic Setup,02_Ship-to Setup,,,
FindModuleContext_Worklist_Resp_20251104_2020.csv,03-Enter an invoice,SE,FINANCE,Accounts Receivable,CSD > Document Library > FINANCIAL > Accounts Receivable > 02_Quote to Cash,03-Enter an invoice,,,
FindModuleContext_Worklist_Resp_20251104_2020.csv,03_Run Customer Statement (ARES),SE,FINANCE,Accounts Receivable,CSD > Document Library > FINANCIAL > Accounts Receivable > 04_Accounts Receivable Reporting and Analysis,03_Run Customer Statement (ARES),,,
FindModuleContext_Worklist_Resp_20251104_2020.csv,03_Short Pay with Sales Tax,SE,FINANCE,Accounts Receivable,CSD > Document Library > FINANCIAL > Accounts Receivable > 03_Account Adjustments and Corrections,03_Short Pay with Sales Tax,,,
FindModuleContext_Worklist_Resp_20251104_2020.csv,04-Enter a credit memo,SE,FINANCE,Accounts Receivable,CSD > Document Library > FINANCIAL > Accounts Receivable > 02_Quote to Cash,04-Enter a credit memo,,,
FindModuleContext_Worklist_Resp_20251104_2020.csv,04_(ARRT) Run Trial Balance Report,SE,FINANCE,Accounts Receivable,CSD > Document Library > FINANCIAL > Accounts Receivable > 04_Accounts Receivable Reporting and Analysis,04_(ARRT) Run Trial Balance Report,,,
FindModuleContext_Worklist_Resp_20251104_2020.csv,04_Returned Check,SE,FINANCE,Accounts Receivable,CSD > Document Library > FINANCIAL > Accounts Receivable > 03_Account Adjustments and Corrections,04_Returned Check,,,
FindModuleContext_Worklist_Resp_20251104_2020.csv,05-Apply payment with debit memo,SE,FINANCE,Accounts Receivable,CSD > Document Library > FINANCIAL > Accounts Receivable > 02_Quote to Cash,05-Apply payment with debit memo,,,
FindModuleContext_Worklist_Resp_20251104_2020.csv,05_(ARRP) Period Analysis Report,SE,FINANCE,Accounts Receivable,CSD > Document Library > FINANCIAL > Accounts Receivable > 04_Accounts Receivable Reporting and Analysis,05_(ARRP) Period Analysis Report,,,
FindModuleContext_Worklist_Resp_20251104_2020.csv,05_Apply Payment to Invoice,SE,FINANCE,Accounts Receivable,CSD > Document Library > FINANCIAL > Accounts Receivable > 02_Quote to Cash,05_Apply Payment to Invoice,,,
FindModuleContext_Worklist_Resp_20251104_2020.csv,06_Apply Payment to Multiple Invoices,SE,FINANCE,Accounts Receivable,CSD > Document Library > FINANCIAL > Accounts Receivable > 02_Quote to Cash,06_Apply Payment to Multiple Invoices,,,
FindModuleContext_Worklist_Resp_20251104_2020.csv,06_Run AR Year End Processing Report,SE,FINANCE,Accounts Receivable,CSD > Document Library > FINANCIAL > Accounts Receivable > 04_Accounts Receivable Reporting and Analysis,06_Run AR Year End Processing Report,,,
FindModuleContext_Worklist_Resp_20251104_2020.csv,07-Apply payment to invoice,SE,FINANCE,Accounts Receivable,CSD > Document Library > FINANCIAL > Accounts Receivable > 02_Quote to Cash,07-Apply payment to invoice,,,
FindModuleContext_Worklist_Resp_20251104_2020.csv,07_Apply Payment to Oldest Invoice,SE,FINANCE,Accounts Receivable,CSD > Document Library > FINANCIAL > Accounts Receivable > 02_Quote to Cash,07_Apply Payment to Oldest Invoice,,,
FindModuleContext_Worklist_Resp_20251104_2020.csv,08-Apply payment to multiple invoices,SE,FINANCE,Accounts Receivable,CSD > Document Library > FINANCIAL > Accounts Receivable > 02_Quote to Cash,08-Apply payment to multiple invoices,,,
FindModuleContext_Worklist_Resp_20251104_2020.csv,08_Process Short Payment,SE,FINANCE,Accounts Receivable,CSD > Document Library > FINANCIAL > Accounts Receivable > 02_Quote to Cash,08_Process Short Payment,,,
FindModuleContext_Worklist_Resp_20251104_2020.csv,09-Apply payment to oldest invoice,SE,FINANCE,Accounts Receivable,CSD > Document Library > FINANCIAL > Accounts Receivable > 02_Quote to Cash,09-Apply payment to oldest invoice,,,
FindModuleContext_Worklist_Resp_20251104_2020.csv,09_Apply Short Payment with Write-Off,SE,FINANCE,Accounts Receivable,CSD > Document Library > FINANCIAL > Accounts Receivable > 02_Quote to Cash,09_Apply Short Payment with Write-Off,,,
FindModuleContext_Worklist_Resp_20251104_2020.csv,10-Enter a credit memo,SE,FINANCE,Accounts Receivable,CSD > Document Library > FINANCIAL > Accounts Receivable > 02_Quote to Cash,10-Enter a credit memo,,,
FindModuleContext_Worklist_Resp_20251104_2020.csv,10-Process short payment,SE,FINANCE,Accounts Receivable,CSD > Document Library > FINANCIAL > Accounts Receivable > 02_Quote to Cash,10-Process short payment,,,
FindModuleContext_Worklist_Resp_20251104_2020.csv,10_Apply Payment with Unearned Discount,SE,FINANCE,Accounts Receivable,CSD > Document Library > FINANCIAL > Accounts Receivable > 02_Quote to Cash,10_Apply Payment with Unearned Discount,,,
FindModuleContext_Worklist_Resp_20251104_2020.csv,11-Apply short payment with write-off,SE,FINANCE,Accounts Receivable,CSD > Document Library > FINANCIAL > Accounts Receivable > 02_Quote to Cash,11-Apply short payment with write-off,,,
FindModuleContext_Worklist_Resp_20251104_2020.csv,11_Apply Payment Using Split Check,SE,FINANCE,Accounts Receivable,CSD > Document Library > FINANCIAL > Accounts Receivable > 02_Quote to Cash,11_Apply Payment Using Split Check,,,
FindModuleContext_Worklist_Resp_20251104_2020.csv,12-Apply payment with unearned discount,SE,FINANCE,Accounts Receivable,CSD > Document Library > FINANCIAL > Accounts Receivable > 02_Quote to Cash,12-Apply payment with unearned discount,,,
FindModuleContext_Worklist_Resp_20251104_2020.csv,12_Apply Credit to Invoice,SE,FINANCE,Accounts Receivable,CSD > Document Library > FINANCIAL > Accounts Receivable > 02_Quote to Cash,12_Apply Credit to Invoice,,,
FindModuleContext_Worklist_Resp_20251104_2020.csv,13-Apply payment using split check,SE,FINANCE,Accounts Receivable,CSD > Document Library > FINANCIAL > Accounts Receivable > 02_Quote to Cash,13-Apply payment using split check,,,
FindModuleContext_Worklist_Resp_20251104_2020.csv,13_Apply Account Credits to Invoice,SE,FINANCE,Accounts Receivable,CSD > Document Library > FINANCIAL > Accounts Receivable > 02_Quote to Cash,13_Apply Account Credits to Invoice,,,
FindModuleContext_Worklist_Resp_20251104_2020.csv,14-Apply credit to invoice,SE,FINANCE,Accounts Receivable,CSD > Document Library > FINANCIAL > Accounts Receivable > 02_Quote to Cash,14-Apply credit to invoice,,,
FindModuleContext_Worklist_Resp_20251104_2020.csv,15-Apply account credits to invoice,SE,FINANCE,Accounts Receivable,CSD > Document Library > FINANCIAL > Accounts Receivable > 02_Quote to Cash,15-Apply account credits to invoice,,,
FindModuleContext_Worklist_Resp_20251104_2020.csv,15_Apply Misc Cash,SE,FINANCE,Accounts Receivable,CSD > Document Library > FINANCIAL > Accounts Receivable > 02_Quote to Cash,15_Apply Misc Cash,,,
FindModuleContext_Worklist_Resp_20251104_2020.csv,16_Customer Statement Print,SE,FINANCE,Accounts Receivable,CSD > Document Library > FINANCIAL > Accounts Receivable > 02_Quote to Cash,16_Customer Statement Print,,,
FindModuleContext_Worklist_Resp_20251104_2020.csv,17-Apply misc cash,SE,FINANCE,Accounts Receivable,CSD > Document Library > FINANCIAL > Accounts Receivable > 02_Quote to Cash,17-Apply misc cash,,,
FindModuleContext_Worklist_Resp_20251104_2020.csv,17_Payment Reversal,SE,FINANCE,Accounts Receivable,CSD > Document Library > FINANCIAL > Accounts Receivable > 02_Quote to Cash,17_Payment Reversal,,,
FindModuleContext_Worklist_Resp_20251104_2020.csv,18_Process Overpayment,SE,FINANCE,Accounts Receivable,CSD > Document Library > FINANCIAL > Accounts Receivable > 02_Quote to Cash,18_Process Overpayment,,,
FindModuleContext_Worklist_Resp_20251104_2020.csv,19_Refund Customer via Check,SE,FINANCE,Accounts Receivable,CSD > Document Library > FINANCIAL > Accounts Receivable > 02_Quote to Cash,19_Refund Customer via Check,,,
FindModuleContext_Worklist_Resp_20251104_2020.csv,21_Review Journal,SE,FINANCE,Accounts Receivable,CSD > Document Library > FINANCIAL > Accounts Receivable > 02_Quote to Cash,21_Review Journal,,,
FindModuleContext_Worklist_Resp_20251104_2020.csv,22_Run Credit Card Receive on Account,SE,FINANCE,Accounts Receivable,CSD > Document Library > FINANCIAL > Accounts Receivable > 02_Quote to Cash,22_Run Credit Card Receive on Account,,,
FindModuleContext_Worklist_Resp_20251104_2020.csv,23_Invoice Processing,SE,FINANCE,Accounts Receivable,CSD > Document Library > FINANCIAL > Accounts Receivable > 02_Quote to Cash,23_Invoice Processing,,,
FindModuleContext_Worklist_Resp_20251104_2020.csv,25-Run AR Roll Balances and assess service charge,SE,FINANCE,Accounts Receivable,CSD > Document Library > FINANCIAL > Accounts Receivable > 04_Accounts Receivable Reporting and Analysis,25-Run AR Roll Balances and assess service charge,,,
FindModuleContext_Worklist_Resp_20251104_2020.csv,29-AR Year End Processing Report,SE,FINANCE,Accounts Receivable,CSD > Document Library > FINANCIAL > Accounts Receivable > 04_Accounts Receivable Reporting and Analysis,29-AR Year End Processing Report,,,
Manual,11 apply payment using split check,SE,FINANCE,ACCOUNTS RECEIVABLE,,,,,
Manual,15   apply account credits to invoice,SE,FINANCE,ACCOUNTS RECEIVABLE,,,,,
Manual,15 apply misc cash,SE,FINANCE,ACCOUNTS RECEIVABLE,,,,,
Manual,15 enter trade invoice   add on charges,SE,FINANCE,ACCOUNTS RECEIVABLE,,,,,
Manual,15   manually apply hold and approve held order,SE,FINANCE,ACCOUNTS RECEIVABLE,,,,,
Manual,16   apply a cod credit,SE,FINANCE,ACCOUNTS RECEIVABLE,,,,,
Manual,16   suspend an order,SE,FINANCE,ACCOUNTS RECEIVABLE,,,,,
Manual,18    modify customer invoice,SE,FINANCE,ACCOUNTS RECEIVABLE,,,,,
Manual,19    release credit hold,SE,FINANCE,ACCOUNTS RECEIVABLE,,,,,
Manual,22  process short payment with sales tax write off,SE,FINANCE,ACCOUNTS RECEIVABLE,,,,,
Manual,23 invoice processing,SE,FINANCE,ACCOUNTS RECEIVABLE,,,,,
Manual,24    ar open activity report,SE,FINANCE,ACCOUNTS RECEIVABLE,,,,,
Manual,28    ar period analysis report,SE,FINANCE,ACCOUNTS RECEIVABLE,,,,,
Manual,co1sesopop20refund customer via cckc,SE,FINANCE,ACCOUNTS RECEIVABLE,,,,,
Manual,co1sesopq2cop13apply account credits to invoicebwkc,SE,FINANCE,ACCOUNTS RECEIVABLE,,,,,
Manual,03 create invoice process group,SE,FINANCE,ACCOUNTS RECEIVABLE,,,,,
Manual,03 enter an invoice,SE,FINANCE,ACCOUNTS RECEIVABLE,,,,,
Manual,03 short pay with sales tax 1,SE,FINANCE,ACCOUNTS RECEIVABLE,,,,,
Manual,05   account inquiry and report,SE,FINANCE,ACCOUNTS RECEIVABLE,,,,,
Manual,05 arrp period analysis report,SE,FINANCE,ACCOUNTS RECEIVABLE,,,,,
Manual,06 apply payment to multiple invoices,SE,FINANCE,ACCOUNTS RECEIVABLE,,,,,
Manual,06   invoice sales order,SE,FINANCE,ACCOUNTS RECEIVABLE,,,,,
Manual,06 run ar year end processing report,SE,FINANCE,ACCOUNTS RECEIVABLE,,,,,
Manual,06 suspend an order,SE,FINANCE,ACCOUNTS RECEIVABLE,,,,,
Manual,07   apply customer payment to invoice,SE,FINANCE,ACCOUNTS RECEIVABLE,,,,,
Manual,07   apply payment to invoice,SE,FINANCE,ACCOUNTS RECEIVABLE,,,,,
Manual,07   open help context app,SE,FINANCE,ACCOUNTS RECEIVABLE,,,,,
Manual,07 perform a reversal,SE,FINANCE,ACCOUNTS RECEIVABLE,,,,,
Manual,08    apply payment to multiple invoices,SE,FINANCE,ACCOUNTS RECEIVABLE,,,,,
Manual,08    copy quote order to a stock order,SE,FINANCE,ACCOUNTS RECEIVABLE,,,,,
Manual,08 correcting an over under receipt,SE,FINANCE,ACCOUNTS RECEIVABLE,,,,,
Manual,08    create a po,SE,FINANCE,ACCOUNTS RECEIVABLE,,,,,
Manual,08    print a report,SE,FINANCE,ACCOUNTS RECEIVABLE,,,,,
Manual,09    add product to po at receiving,SE,FINANCE,ACCOUNTS RECEIVABLE,,,,,
Manual,09    apply payment to oldest invoice,SE,FINANCE,ACCOUNTS RECEIVABLE,,,,,
Manual,09    enter a direct order,SE,FINANCE,ACCOUNTS RECEIVABLE,,,,,
Manual,09    perform a reversal,SE,FINANCE,ACCOUNTS RECEIVABLE,,,,,
Manual,09    personalize advanced line entry view in order entry,SE,FINANCE,ACCOUNTS RECEIVABLE,,,,,
Manual,09    print a po,SE,FINANCE,ACCOUNTS RECEIVABLE,,,,,
Manual,09    set up batch,SE,FINANCE,ACCOUNTS RECEIVABLE,,,,,
Manual,10 correcting a wrong cost receipt,SE,FINANCE,ACCOUNTS RECEIVABLE,,,,,
Manual,10    enter a batch journal,SE,FINANCE,ACCOUNTS RECEIVABLE,,,,,
Manual,13 inquire without order info,SE,SALES,ADD NOTES,,,,,
Manual,14    add comments notes to customer sales order,SE,SALES,ADD NOTES,,,,,
FindModuleContext_Worklist_Resp_20251104_2020.csv,01_Process Core as Return Merchandise,SE,SALES,BATTERY,CSD > Document Library > SALES > BATTERY,01_Process Core as Return Merchandise,,,
Manual,02 copy customer sales order,SE,SALES,Copy,,,,,
Manual,13 apply payment using split check,SE,SALES,COPY,,,,,
Manual,13 copy customer sales order,SE,SALES,COPY,,,,,
Manual,05 returning a core product,SE,SALES,CORES,,,,,
Manual,03 print count sheets,SE,OPERATIONS,Count Sheets,,,,,
FindModuleContext_Worklist_Resp_20251104_2020.csv,01_Release Credit Hold,SE,FINANCE,Credit,CSD > Document Library > FINANCIAL > Credit,01_Release Credit Hold,,,
FindModuleContext_Worklist_Resp_20251104_2020.csv,"02_Customer Inquiry with Past Due Invoices, Large Dollar Amount Balance",SE,FINANCE,Credit,CSD > Document Library > FINANCIAL > Credit,"02_Customer Inquiry with Past Due Invoices, Large Dollar Amount Balance",,,
FindModuleContext_Worklist_Resp_20251104_2020.csv,03_Run the Aging Report,SE,FINANCE,Credit,CSD > Document Library > FINANCIAL > Credit,03_Run the Aging Report,,,
FindModuleContext_Worklist_Resp_20251104_2020.csv,04_Perform a Credit Review on a Customer Account,SE,FINANCE,Credit,CSD > Document Library > FINANCIAL > Credit,04_Perform a Credit Review on a Customer Account,,,
FindModuleContext_Worklist_Resp_20251104_2020.csv,19-Release credit hold,SE,FINANCE,Credit,CSD > Document Library > FINANCIAL > Credit,19-Release credit hold,,,
Manual,01 order inquiry,SE,SALES,Entry,,,,,
Manual,02  add items to stock customer sales order,SE,SALES,Entry,,,,,
Manual,03enter a direct order 1,SE,SALES,Entry,,,,,
Manual,04 add comments notes to customer sales order,SE,SALES,Entry,,,,,
Manual,06 enter a non stock product on an order,SE,SALES,Entry,,,,,
Manual,19    add optional product to sales order,SE,SALES,Entry,,,,,
Manual,22  enter non stock product on an order,SE,SALES,Entry,,,,,
Manual,23 add catalog product to order,SE,SALES,Entry,,,,,
Manual,24    add special order product to sales order,SE,SALES,Entry,,,,,
Manual,sopoe01enter stock customer sales order,SE,SALES,Entry,,,,,
FindModuleContext_Worklist_Resp_20251104_2020.csv,02-Company setup in GL,SE,FINANCE,General Ledger,CSD > Document Library >FIN\GL,02-Company setup in GL,,,
FindModuleContext_Worklist_Resp_20251104_2020.csv,03-Review admin options in GL,SE,FINANCE,General Ledger,CSD > Document Library >FIN\GL,03-Review admin options in GL,,,
FindModuleContext_Worklist_Resp_20251104_2020.csv,04-Set up accounts,SE,FINANCE,General Ledger,CSD > Document Library >FIN\GL,04-Set up accounts,,,
FindModuleContext_Worklist_Resp_20251104_2020.csv,06-Add GL accounts to vendor,SE,FINANCE,General Ledger,CSD > Document Library >FIN\GL,06-Add GL accounts to vendor,,,
FindModuleContext_Worklist_Resp_20251104_2020.csv,07-Set up bank and add to vendor,SE,FINANCE,General Ledger,CSD > Document Library >FIN\GL,07-Set up bank and add to vendor,,,
FindModuleContext_Worklist_Resp_20251104_2020.csv,08-Enter real-time journal,SE,FINANCE,General Ledger,CSD > Document Library >FIN\GL,08-Enter real-time journal,,,
FindModuleContext_Worklist_Resp_20251104_2020.csv,09-Set up batch,SE,FINANCE,General Ledger,CSD > Document Library >FIN\GL,09-Set up batch,,,
FindModuleContext_Worklist_Resp_20251104_2020.csv,10-Enter a batch journal,SE,FINANCE,General Ledger,CSD > Document Library >FIN\GL,10-Enter a batch journal,,,
FindModuleContext_Worklist_Resp_20251104_2020.csv,11-Process and update batch journal,SE,FINANCE,General Ledger,CSD > Document Library >FIN\GL,11-Process and update batch journal,,,
FindModuleContext_Worklist_Resp_20251104_2020.csv,12-Enter reverse entry journal,SE,FINANCE,General Ledger,CSD > Document Library >FIN\GL,12-Enter reverse entry journal,,,
FindModuleContext_Worklist_Resp_20251104_2020.csv,13-Inquire on a journal,SE,FINANCE,General Ledger,CSD > Document Library >FIN\GL,13-Inquire on a journal,,,
FindModuleContext_Worklist_Resp_20251104_2020.csv,14-AR Trial Balance Report,SE,FINANCE,General Ledger,CSD > Document Library >FIN\GL,14-AR Trial Balance Report,,,
FindModuleContext_Worklist_Resp_20251104_2020.csv,15-Review balance history,SE,FINANCE,General Ledger,CSD > Document Library >FIN\GL,15-Review balance history,,,
FindModuleContext_Worklist_Resp_20251104_2020.csv,16-Review suspense account,SE,FINANCE,General Ledger,CSD > Document Library >FIN\GL,16-Review suspense account,,,
FindModuleContext_Worklist_Resp_20251104_2020.csv,17-Post monthly profit,SE,FINANCE,General Ledger,CSD > Document Library >FIN\GL,17-Post monthly profit,,,
FindModuleContext_Worklist_Resp_20251104_2020.csv,18-Generate a tax register,SE,FINANCE,General Ledger,CSD > Document Library >FIN\GL,18-Generate a tax register,,,
FindModuleContext_Worklist_Resp_20251104_2020.csv,19-Run a financial statement,SE,FINANCE,General Ledger,CSD > Document Library >FIN\GL,19-Run a financial statement,,,
FindModuleContext_Worklist_Resp_20251104_2020.csv,20-Close the GL,SE,FINANCE,General Ledger,CSD > Document Library >FIN\GL,20-Close the GL,,,
FindModuleContext_Worklist_Resp_20251104_2020.csv,01-Create new vendor,SE,FINANCE,General Ledger,CSD > Document Library > FINANCIAL > General Ledger > 01_Setup of General Ledger,01-Create new vendor,,,
FindModuleContext_Worklist_Resp_20251104_2020.csv,05-Account inquiry and report,SE,FINANCE,General Ledger,CSD > Document Library > FINANCIAL > General Ledger > 01_Setup of General Ledger,05-Account inquiry and report,,,
Manual,20    close the gl,SE,FINANCE,GENERAL Ledger,,,,,
Manual,21    correct payment posted to wrong account,SE,FINANCE,GENERAL Ledger,,,,,
Manual,03 review admin options in gl,SE,FINANCE,GENERAL Ledger,,,,,
Manual,04 print gap report,SE,FINANCE,GENERAL Ledger,,,,,
Manual,04 returned check,SE,FINANCE,GENERAL Ledger,,,,,
Manual,04    set up accounts,SE,FINANCE,GENERAL Ledger,,,,,
Manual,05   review taxes totals payments for stock customer sales order,SE,FINANCE,GL,,,,,
Manual,02  change layout and appearance of grid,SE,SYSTEM,grid,,,,,
Manual,02 csd incident,PALCO,Csd,INCIDENT,,,,,
Manual,01ism incident,PALCO,ISM,INCIDENT,,,,,
Manual,06   inquire on a product,SE,BASIC,Inquiries,,,,,
Manual,06   perform lookups in customer sales order,SE,BASIC,Inquiries,,,,,
Manual,03 inquire on vendor info,SE,PURCHASING,Inquiries,,,,,
Manual,004 order inquiries,SE,SALES,Inquiries,,,,,
Manual,01 perform lookups in customer sales order,SE,SALES,Inquiries,,,,,
Manual,03 use order inquiry for sales orders,SE,SALES,Inquiries,,,,,
Manual,03 use order inquiry to search for orders,SE,SALES,Inquiries,,,,,
Manual,17   enter sales order for kits,SE,SALES,KITS,,,,,
Manual,20    add interchangeable substitution products to order,SE,PRODUCT,MAINTENANCE,,,,,
Manual,21    view units of measure,SE,PRODUCT,MAINTENANCE,,,,,
Manual,03enter stock sales order and change line items,SE,SALES,Modify,,,,,
Manual,04    adjust line items,SE,SALES,Modify,,,,,
Manual,01filter working status,PALCO,ISM,NAVIGATION,,,,,
FindModuleContext_Worklist_Resp_20251104_2020.csv,01_Create a Blanket Order,PALCO,SALES,Palco Specific Sales,CSD > Document Library > PALCO POWER SYSTEMS > SALES > Palco Specific Sales,01_Create a Blanket Order,,,
FindModuleContext_Worklist_Resp_20251104_2020.csv,02_Add Items,PALCO,SALES,Palco Specific Sales,CSD > Document Library > PALCO POWER SYSTEMS > SALES > Palco Specific Sales,02_Add Items,,,
FindModuleContext_Worklist_Resp_20251104_2020.csv,04_Create a Release,PALCO,SALES,Palco Specific Sales,CSD > Document Library > PALCO POWER SYSTEMS > SALES > Palco Specific Sales,04_Create a Release,,,
FindModuleContext_Worklist_Resp_20251104_2020.csv,05_Run OEEPC,PALCO,SALES,Palco Specific Sales,CSD > Document Library > PALCO POWER SYSTEMS > SALES > Palco Specific Sales,05_Run OEEPC,,,
FindModuleContext_Worklist_Resp_20251104_2020.csv,08_Make a Product Serialized,PALCO,SALES,Palco Specific Sales,CSD > Document Library > PALCO POWER SYSTEMS > SALES > Palco Specific Sales,08_Make a Product Serialized,,,
Manual,02 enter a quote order 1,SE,SALES,quote,,,,,
Manual,07   enter quote order,SE,SALES,Quotes,,,,,
Manual,07 adjust rarr quantities using increase decrease function in po demand center,SE,PURCHASING,RARR,,,,,
Manual,02 add rental items,PALCO,ISM,Rental,,,,,
Manual,06 returning an acknowledged po to the printed stage,SE,Operations,RETURNS,,,,,
Manual,12 receive vendor rm po,SE,OPERATIONS,RETURNS,,,,,
Manual,03 initiate vendor return,SE,PURCHASING,RETURNS,,,,,
Manual,25   enter a return order,SE,SALES,RETURNS,,,,,
Manual,19    merge wt rrar,SE,PURCHASING,RRAR,,,,,
Manual,18    add lot numbered product to sales order,SE,OPERATIONS,SERIAL,,,,,
Manual,22  track serial products,PALCO,OPERATIONS,SERIAL,,,,,
Manual,04    print customer order pick ticket,PALCO,CSD,SRO,,,,,
Manual,02 add items 1,PALCO,ISM,SRO,,,,,
Manual,03 incident to sro,PALCO,ISM,SRO,,,,,
Manual,04 change operations 1,PALCO,ISM,SRO,,,,,
Manual,06 add operations 1,PALCO,ISM,SRO,,,,,
FindModuleContext_Worklist_Resp_20251104_2020.csv,05_Add Start Up Notes,PALCO,ISM,START UP,CSD > Document Library > PALCO POWER SYSTEMS > START UP,05_Add Start Up Notes,,,
FindModuleContext_Worklist_Resp_20251104_2020.csv,01_Order Inquiry,PALCO,ISM,START UP,CSD > Document Library > PALCO POWER SYSTEMS > START UP,01_Order Inquiry,,,
FindModuleContext_Worklist_Resp_20251104_2020.csv,02_Print Pick Ticket,PALCO,ISM,START UP,CSD > Document Library > PALCO POWER SYSTEMS > START UP,02_Print Pick Ticket,,,
FindModuleContext_Worklist_Resp_20251104_2020.csv,03_Shipping Feedback for Start Up,PALCO,ISM,START UP,CSD > Document Library > PALCO POWER SYSTEMS > START UP,03_Shipping Feedback for Start Up,,,
FindModuleContext_Worklist_Resp_20251104_2020.csv,04_Create a Start Up Incident,PALCO,ISM,START UP,CSD > Document Library > PALCO POWER SYSTEMS > START UP,04_Create a Start Up Incident,,,
FindModuleContext_Worklist_Resp_20251104_2020.csv,06_Add Line,PALCO,ISM,START UP,CSD > Document Library > PALCO POWER SYSTEMS > START UP,06_Add Line,,,
FindModuleContext_Worklist_Resp_20251104_2020.csv,08_Register Unit,PALCO,ISM,START UP,CSD > Document Library > PALCO POWER SYSTEMS > START UP,08_Register Unit,,,
FindModuleContext_Worklist_Resp_20251104_2020.csv,09_Order Inquiry Using a Serial Number,PALCO,ISM,START UP,CSD > Document Library > PALCO POWER SYSTEMS > START UP,09_Order Inquiry Using a Serial Number,,,
Manual,26   create work order manually,SE,SALES,WORKORDER,,,,,
Manual,045 create warehouse transfer,SE,OPERATIONS,WT,,,,,
Manual,17   run wt entry recommended replenishment action report,SE,PURCHASING,WT,,,,,
FindModuleContext_Worklist_Resp_20251104_2020.csv,01-Access Sales Order Entry Window,SE,BASIC,,CSD > Document Library >BASIC,01-Access Sales Order Entry Window,,,
FindModuleContext_Worklist_Resp_20251104_2020.csv,01-Log in to SX.e,SE,BASIC,,CSD > Document Library >BASIC,01-Log in to SX.e,,,
FindModuleContext_Worklist_Resp_20251104_2020.csv,02-Change Layout and Appearance of Grid,SE,BASIC,,CSD > Document Library >BASIC,02-Change Layout and Appearance of Grid,,,
FindModuleContext_Worklist_Resp_20251104_2020.csv,03-Global Search,SE,BASIC,,CSD > Document Library >BASIC,03-Global Search,,,
FindModuleContext_Worklist_Resp_20251104_2020.csv,03-Use Order Inquiry for sales orders,SE,BASIC,,CSD > Document Library >BASIC,03-Use Order Inquiry for sales orders,,,
FindModuleContext_Worklist_Resp_20251104_2020.csv,04-Advanced Search Techniques,SE,BASIC,,CSD > Document Library >BASIC,04-Advanced Search Techniques,,,
FindModuleContext_Worklist_Resp_20251104_2020.csv,04-Print customer order pick ticket,SE,BASIC,,CSD > Document Library >BASIC,04-Print customer order pick ticket,,,
FindModuleContext_Worklist_Resp_20251104_2020.csv,05-Lookups and Search Features,SE,BASIC,,CSD > Document Library >BASIC,05-Lookups and Search Features,,,
FindModuleContext_Worklist_Resp_20251104_2020.csv,05-Ship sales order,SE,BASIC,,CSD > Document Library >BASIC,05-Ship sales order,,,
FindModuleContext_Worklist_Resp_20251104_2020.csv,06-Add Note Using Notes Context App,SE,BASIC,,CSD > Document Library >BASIC,06-Add Note Using Notes Context App,,,
FindModuleContext_Worklist_Resp_20251104_2020.csv,06-Invoice sales order,SE,BASIC,,CSD > Document Library >BASIC,06-Invoice sales order,,,
FindModuleContext_Worklist_Resp_20251104_2020.csv,07-Apply customer payment to invoice,SE,BASIC,,CSD > Document Library >BASIC,07-Apply customer payment to invoice,,,
FindModuleContext_Worklist_Resp_20251104_2020.csv,07-Open Help Context App,SE,BASIC,,CSD > Document Library >BASIC,07-Open Help Context App,,,
FindModuleContext_Worklist_Resp_20251104_2020.csv,08-Create a PO,SE,BASIC,,CSD > Document Library >BASIC,08-Create a PO,,,
FindModuleContext_Worklist_Resp_20251104_2020.csv,08-Print a Report,SE,BASIC,,CSD > Document Library >BASIC,08-Print a Report,,,
FindModuleContext_Worklist_Resp_20251104_2020.csv,09-Personalize Advanced Line Entry View in Order Entry,SE,BASIC,,CSD > Document Library >BASIC,09-Personalize Advanced Line Entry View in Order Entry,,,
FindModuleContext_Worklist_Resp_20251104_2020.csv,09-Print a PO,SE,BASIC,,CSD > Document Library >BASIC,09-Print a PO,,,
FindModuleContext_Worklist_Resp_20251104_2020.csv,10-Log out of Infor Distribution SX.e and Infor Ming.le,SE,BASIC,,CSD > Document Library >BASIC,10-Log out of Infor Distribution SX.e and Infor Ming.le,,,
FindModuleContext_Worklist_Resp_20251104_2020.csv,10-Receive a PO,SE,BASIC,,CSD > Document Library >BASIC,10-Receive a PO,,,
FindModuleContext_Worklist_Resp_20251104_2020.csv,11-Cost PO to vendor invoice,SE,BASIC,,CSD > Document Library >BASIC,11-Cost PO to vendor invoice,,,
FindModuleContext_Worklist_Resp_20251104_2020.csv,12-Inquire with order info,SE,BASIC,,CSD > Document Library >BASIC,12-Inquire with order info,,,
FindModuleContext_Worklist_Resp_20251104_2020.csv,13-Inquire without order info,SE,BASIC,,CSD > Document Library >BASIC,13-Inquire without order info,,,
FindModuleContext_Worklist_Resp_20251104_2020.csv,14-Use PO Inquiry to locate PO,SE,BASIC,,CSD > Document Library >BASIC,14-Use PO Inquiry to locate PO,,,
FindModuleContext_Worklist_Resp_20251104_2020.csv,15-Use global search,SE,BASIC,,CSD > Document Library >BASIC,15-Use global search,,,
FindModuleContext_Worklist_Resp_20251104_2020.csv,Scott Electric Navigation,SE,BASIC,,,Scott Electric Navigation,,,
FindModuleContext_Worklist_Resp_20251104_2020.csv,UAP 101,SE,BASIC,,,UAP 101,,,
FindModuleContext_Worklist_Resp_20251104_2020.csv,UAP Course Starter,SE,BASIC,,,UAP Course Starter,,,
Manual,01    log in to sxe,SE,BASIC,,,,,,
Manual,03 global search,SE,BASIC,,,,,,
Manual,04    advanced search techniques,SE,BASIC,,,,,,
Manual,05   lookups and search features,SE,BASIC,,,,,,
Manual,06   add note using notes context app,SE,BASIC,,,,,,
FindModuleContext_Worklist_Resp_20251104_2020.csv,CSD Basics,SE,BASIC,,CSD > Document Library > Basics,CSD Basics,,,
FindModuleContext_Worklist_Resp_20251104_2020.csv,Log into UAP,SE,BASIC,,CSD > Document Library > Basics,Log into UAP,,,
Manual,10    log out of infor distribution sxe and infor mingle,SE,BASIC,,,,,,
Manual,12  enter stock sales order and change line items,SE,BASIC,,,,,,
Manual,12  inquire with order info,SE,BASIC,,,,,,
Manual,14    use po inquiry to locate po,SE,BASIC,,,,,,
Manual,15   inquire on a product,SE,BASIC,,,,,,
Manual,15   use global search,SE,BASIC,,,,,,
Manual,csd basics,SE,BASIC,,,,,,
Manual,log into uap,SE,BASIC,,,,,,
Manual,10    enter a credit memo,SE,FINANCE,,,,,,
Manual,10 enter a debit memo,SE,FINANCE,,,,,,
Manual,11    process and update batch journal,SE,FINANCE,,,,,,
Manual,12 posting transactions,SE,FINANCE,,,,,,
FindModuleContext_Worklist_Resp_20251104_2020.csv,03-Create inventory item in single WH,SE,INVENTORY CONTROL,,CSD > Document Library >IC,03-Create inventory item in single WH,,,
FindModuleContext_Worklist_Resp_20251104_2020.csv,04-Copy inventory item to single WH,SE,INVENTORY CONTROL,,CSD > Document Library >IC,04-Copy inventory item to single WH,,,
FindModuleContext_Worklist_Resp_20251104_2020.csv,05-Move non-stock item to stock item,SE,INVENTORY CONTROL,,CSD > Document Library >IC,05-Move non-stock item to stock item,,,
FindModuleContext_Worklist_Resp_20251104_2020.csv,06-Inquire on a product,SE,INVENTORY CONTROL,,CSD > Document Library >IC,06-Inquire on a product,,,
FindModuleContext_Worklist_Resp_20251104_2020.csv,09-Enter counts,SE,INVENTORY CONTROL,,CSD > Document Library >IC,09-Enter counts,,,
FindModuleContext_Worklist_Resp_20251104_2020.csv,13-Verify product adjustment,SE,INVENTORY CONTROL,,CSD > Document Library >IC,13-Verify product adjustment,,,
FindModuleContext_Worklist_Resp_20251104_2020.csv,15-IC Trial Balance of Stock Inventory Report,SE,INVENTORY CONTROL,,CSD > Document Library >IC,15-IC Trial Balance of Stock Inventory Report,,,
FindModuleContext_Worklist_Resp_20251104_2020.csv,18-Accept WT RRAR,SE,INVENTORY CONTROL,,CSD > Document Library >IC,18-Accept WT RRAR,,,
FindModuleContext_Worklist_Resp_20251104_2020.csv,18-Copy pricing record,SE,INVENTORY CONTROL,,CSD > Document Library >IC,18-Copy pricing record,,,
FindModuleContext_Worklist_Resp_20251104_2020.csv,19-Change prices and costs on group of products,SE,INVENTORY CONTROL,,CSD > Document Library >IC,19-Change prices and costs on group of products,,,
FindModuleContext_Worklist_Resp_20251104_2020.csv,19-Merge WT RRAR,SE,INVENTORY CONTROL,,CSD > Document Library >IC,19-Merge WT RRAR,,,
FindModuleContext_Worklist_Resp_20251104_2020.csv,21-Create product lot numbers,SE,INVENTORY CONTROL,,CSD > Document Library >IC,21-Create product lot numbers,,,
FindModuleContext_Worklist_Resp_20251104_2020.csv,22-Track serial products,SE,INVENTORY CONTROL,,CSD > Document Library >IC,22-Track serial products,,,
FindModuleContext_Worklist_Resp_20251104_2020.csv,24-Review setup of pre-built kit item,SE,INVENTORY CONTROL,,CSD > Document Library >IC,24-Review setup of pre-built kit item,,,
FindModuleContext_Worklist_Resp_20251104_2020.csv,25-Run replenishing pre-built kits report,SE,INVENTORY CONTROL,,CSD > Document Library >IC,25-Run replenishing pre-built kits report,,,
FindModuleContext_Worklist_Resp_20251104_2020.csv,26-Create work order manually,SE,INVENTORY CONTROL,,CSD > Document Library >IC,26-Create work order manually,,,
FindModuleContext_Worklist_Resp_20251104_2020.csv,27-Print work orders,SE,INVENTORY CONTROL,,CSD > Document Library >IC,27-Print work orders,,,
Manual,02 run either the ic entry cycle count report or the ic entry physical count report,SE,INVENTORY CONTROL,,,,,,
Manual,21    generate ic admin inventory classification and rank report,SE,INVENTORY CONTROL,,,,,,
Manual,co3ppsee01partner set upkc,PALCO,ISM,,,,,,
FindModuleContext_Worklist_Resp_20251104_2020.csv,Quiz Level 2 | Warehouse Planning,SE,OPERATIONS,,CSD > Document Library > OPERATIONS,Quiz Level 2 | Warehouse Planning,,,
FindModuleContext_Worklist_Resp_20251104_2020.csv,02-Assign Serial Numbers to Orders During Shipping,SE,OPERATIONS,,CSD > Document Library >WH,02-Assign Serial Numbers to Orders During Shipping,,,
FindModuleContext_Worklist_Resp_20251104_2020.csv,04-Ship Warehouse Transfer,SE,OPERATIONS,,CSD > Document Library >WH,04-Ship Warehouse Transfer,,,
FindModuleContext_Worklist_Resp_20251104_2020.csv,05-Assign Serial Numbers to Transfer During Shipping,SE,OPERATIONS,,CSD > Document Library >WH,05-Assign Serial Numbers to Transfer During Shipping,,,
FindModuleContext_Worklist_Resp_20251104_2020.csv,06-Print Pre-Receiving Report,SE,OPERATIONS,,CSD > Document Library >WH,06-Print Pre-Receiving Report,,,
FindModuleContext_Worklist_Resp_20251104_2020.csv,07-Receive PO,SE,OPERATIONS,,CSD > Document Library >WH,07-Receive PO,,,
FindModuleContext_Worklist_Resp_20251104_2020.csv,08-Short-Receive PO,SE,OPERATIONS,,CSD > Document Library >WH,08-Short-Receive PO,,,
FindModuleContext_Worklist_Resp_20251104_2020.csv,09-Add Product to PO at Receiving,SE,OPERATIONS,,CSD > Document Library >WH,09-Add Product to PO at Receiving,,,
FindModuleContext_Worklist_Resp_20251104_2020.csv,10-Receive Serialized Product,SE,OPERATIONS,,CSD > Document Library >WH,10-Receive Serialized Product,,,
FindModuleContext_Worklist_Resp_20251104_2020.csv,11-Receive Corrections,SE,OPERATIONS,,CSD > Document Library >WH,11-Receive Corrections,,,
FindModuleContext_Worklist_Resp_20251104_2020.csv,12-Print Warehouse Transfer Pre-Receiving Report,SE,OPERATIONS,,CSD > Document Library >WH,12-Print Warehouse Transfer Pre-Receiving Report,,,
FindModuleContext_Worklist_Resp_20251104_2020.csv,13-Receive Warehouse Transfer,SE,OPERATIONS,,CSD > Document Library >WH,13-Receive Warehouse Transfer,,,
FindModuleContext_Worklist_Resp_20251104_2020.csv,14-Process Exception Receipts,SE,OPERATIONS,,CSD > Document Library >WH,14-Process Exception Receipts,,,
FindModuleContext_Worklist_Resp_20251104_2020.csv,15-Inquire on a Product,SE,OPERATIONS,,CSD > Document Library >WH,15-Inquire on a Product,,,
Manual,05   ship sales order,SE,Operations,,,,,,
Manual,10    receive a po,SE,OPERATIONS,,,,,,
Manual,10 receive the non stock,SE,OPERATIONS,,,,,,
Manual,11 adjust inventory to unavailable,SE,OPERATIONS,,,,,,
Manual,14    process exception receipts,SE,OPERATIONS,,,,,,
Manual,16   enter trade invoice   po does not match,SE,OPERATIONS,,,,,,
Manual,04 view job in bidding calendar,SE,PJM,,,,,,
FindModuleContext_Worklist_Resp_20251104_2020.csv,01 Customer Inquiry Pricing,SE,PRICING,,CSD > Document Library >PRICE,01 Customer Inquiry Pricing,,,
FindModuleContext_Worklist_Resp_20251104_2020.csv,02 Set Up a Customer Record,SE,PRICING,,CSD > Document Library >PRICE,02 Set Up a Customer Record,,,
FindModuleContext_Worklist_Resp_20251104_2020.csv,03 Create and Verify a Pricing Record,SE,PRICING,,CSD > Document Library >PRICE,03 Create and Verify a Pricing Record,,,
FindModuleContext_Worklist_Resp_20251104_2020.csv,04 Create Pricing Record Using Quantity Break,SE,PRICING,,CSD > Document Library >PRICE,04 Create Pricing Record Using Quantity Break,,,
FindModuleContext_Worklist_Resp_20251104_2020.csv,05 Copy Pricing Record to New Customer,SE,PRICING,,CSD > Document Library >PRICE,05 Copy Pricing Record to New Customer,,,
FindModuleContext_Worklist_Resp_20251104_2020.csv,06 Create Price Record Set,SE,PRICING,,CSD > Document Library >PRICE,06 Create Price Record Set,,,
FindModuleContext_Worklist_Resp_20251104_2020.csv,07 Load Price Set to PD Mass Maintenance,SE,PRICING,,CSD > Document Library >PRICE,07 Load Price Set to PD Mass Maintenance,,,
FindModuleContext_Worklist_Resp_20251104_2020.csv,08 Export Pricing Data to Excel,SE,PRICING,,CSD > Document Library >PRICE,08 Export Pricing Data to Excel,,,
FindModuleContext_Worklist_Resp_20251104_2020.csv,09 Import Pricing Data from Excel,SE,PRICING,,CSD > Document Library >PRICE,09 Import Pricing Data from Excel,,,
FindModuleContext_Worklist_Resp_20251104_2020.csv,10 Copy Pricing Record to New Customer,SE,PRICING,,CSD > Document Library >PRICE,10 Copy Pricing Record to New Customer,,,
FindModuleContext_Worklist_Resp_20251104_2020.csv,11 Run Expired Pricing Records Report,SE,PRICING,,CSD > Document Library >PRICE,11 Run Expired Pricing Records Report,,,
FindModuleContext_Worklist_Resp_20251104_2020.csv,Quiz Level 2 | Pricing,SE,PRICING,,CSD > Document Library > PRICING,Quiz Level 2 | Pricing,,,
Manual,03 create and verify a pricing record,SE,PRICING,,,,,,
Manual,20    complete price correction,SE,PRICING,,,,,,
FindModuleContext_Worklist_Resp_20251104_2020.csv,01-Set Up New Product and Product Line,SE,PURCHASING,,CSD > Document Library >PURCH,01-Set Up New Product and Product Line,,,
FindModuleContext_Worklist_Resp_20251104_2020.csv,02-Create PO,SE,PURCHASING,,CSD > Document Library >PURCH,02-Create PO,,,
FindModuleContext_Worklist_Resp_20251104_2020.csv,07-Change PO,SE,PURCHASING,,CSD > Document Library >PURCH,07-Change PO,,,
FindModuleContext_Worklist_Resp_20251104_2020.csv,08-Copy PO,SE,PURCHASING,,CSD > Document Library >PURCH,08-Copy PO,,,
FindModuleContext_Worklist_Resp_20251104_2020.csv,10-Print PO,SE,PURCHASING,,CSD > Document Library >PURCH,10-Print PO,,,
FindModuleContext_Worklist_Resp_20251104_2020.csv,12-Cancel PO,SE,PURCHASING,,CSD > Document Library >PURCH,12-Cancel PO,,,
FindModuleContext_Worklist_Resp_20251104_2020.csv,14-View RRAR Records using Demand Center,SE,PURCHASING,,CSD > Document Library >PURCH,14-View RRAR Records using Demand Center,,,
FindModuleContext_Worklist_Resp_20251104_2020.csv,22-Review IC Month End Processing Report Options,SE,PURCHASING,,CSD > Document Library >PURCH,22-Review IC Month End Processing Report Options,,,
Manual,01generate rrar,SE,PURCHASING,,,,,,
Manual,02 determining extra stock to order,SE,PURCHASING,,,,,,
Manual,02 merge posprint posgenerate exception report,SE,PURCHASING,,,,,,
Manual,035 perform lookups in a po,SE,PURCHASING,,,,,,
Manual,03 acknowledge purchase order,SE,PURCHASING,,,,,,
Manual,03 print fill report by class report,SE,PURCHASING,,,,,,
FindModuleContext_Worklist_Resp_20251104_2020.csv,Quiz Level 2 | Accounts Payable,SE,QUIZ,,CSD > Document Library > FINANCIAL,Quiz Level 2 | Accounts Payable,,,
FindModuleContext_Worklist_Resp_20251104_2020.csv,Quiz Level 2 | Accounts Receivable,SE,QUIZ,,CSD > Document Library > FINANCIAL,Quiz Level 2 | Accounts Receivable,,,
FindModuleContext_Worklist_Resp_20251104_2020.csv,Quiz Level 1,SE,QUIZ,,CSD > Document Library > z_PLAYGROUND,Quiz Level 1,,,
Manual,quiz level 1,SE,QUIZ,,,,,,
Manual,quiz level 2  accounts receivable,SE,QUIZ,,,,,,
Manual,quiz level 2  purchasing 1,SE,QUIZ,,,,,,
Manual,quiz level 2  sales 1,SE,QUIZ,,,,,,
Manual,quiz level 2  warehouse planning,SE,QUIZ,,,,,,
FindModuleContext_Worklist_Resp_20251104_2020.csv,17-Enter Sales Order for Kits,SE,SALES,,CSD > Document Library >SALES,17-Enter Sales Order for Kits,,,
FindModuleContext_Worklist_Resp_20251104_2020.csv,18-Add Lot Numbered Product to Sales Order,SE,SALES,,CSD > Document Library >SALES,18-Add Lot Numbered Product to Sales Order,,,
FindModuleContext_Worklist_Resp_20251104_2020.csv,19-Add Optional Product to Sales Order,SE,SALES,,CSD > Document Library >SALES,19-Add Optional Product to Sales Order,,,
FindModuleContext_Worklist_Resp_20251104_2020.csv,"20-Add Interchangeable, Substitution Products to Order",SE,SALES,,CSD > Document Library >SALES,"20-Add Interchangeable, Substitution Products to Order",,,
FindModuleContext_Worklist_Resp_20251104_2020.csv,Quiz Level 2 | Sales,SE,SALES,,CSD > Document Library > SALES,Quiz Level 2 | Sales,,,
FindModuleContext_Worklist_Resp_20251104_2020.csv,sales order example,SE,SALES,,CSD > Document Library > SALES,sales order example,,,
Manual,01    access sales order entry window,SE,SALES,,,,,,
Manual,01 add items to stock customer sales order,SE,SALES,,,,,,
Manual,01 create a blanket order,PALCO,SALES,,,,,,
Manual,01 create invoice process group 1,SE,SALES,,,,,,
Manual,01    customer inquiry pricing,SE,SALES,,,,,,
Manual,01    enter stock customer sales order,SE,SALES,,,,,,
Manual,02  enter stock customer sales order,SE,SALES,,,,,,
Manual,03 review the shopping list,SE,SALES,,,,,,
Manual,10    enter counter sales order and record tender payments,SE,SALES,,,,,,
Manual,11    use order inquiry to search for orders,SE,SALES,,,,,,
Manual,12  apply payment with unearned discount,SE,SALES,,,,,,
FindModuleContext_Worklist_Resp_20251104_2020.csv,01 Run SA Operator Security Violations Report,SE,SYSTEM,,CSD > Document Library >SYS,01 Run SA Operator Security Violations Report,,,
FindModuleContext_Worklist_Resp_20251104_2020.csv,01-Set Up Report Schedule Type,SE,SYSTEM,,CSD > Document Library >SYS,01-Set Up Report Schedule Type,,,
FindModuleContext_Worklist_Resp_20251104_2020.csv,02-Report Scheduler Startup-Shutdown Function,SE,SYSTEM,,CSD > Document Library >SYS,02-Report Scheduler Startup-Shutdown Function,,,
FindModuleContext_Worklist_Resp_20251104_2020.csv,02-Review Operator Record,SE,SYSTEM,,CSD > Document Library >SYS,02-Review Operator Record,,,
FindModuleContext_Worklist_Resp_20251104_2020.csv,03-Create Report Scheduler Queue,SE,SYSTEM,,CSD > Document Library >SYS,03-Create Report Scheduler Queue,,,
FindModuleContext_Worklist_Resp_20251104_2020.csv,03-Review R and D Operator Record,SE,SYSTEM,,CSD > Document Library >SYS,03-Review R and D Operator Record,,,
FindModuleContext_Worklist_Resp_20251104_2020.csv,04-Create Report Scheduler Job Group,SE,SYSTEM,,CSD > Document Library >SYS,04-Create Report Scheduler Job Group,,,
FindModuleContext_Worklist_Resp_20251104_2020.csv,04-Grant Authority to an Operator,SE,SYSTEM,,CSD > Document Library >SYS,04-Grant Authority to an Operator,,,
Manual,05 add special order product to sales order,SE,,,,,,,
Manual,05 add start up notes,SE,,,,,,,
,, ,,,,,,,
